x,y,value
0.025,0.0216506350946109,0.9999999518616826
0.05,0.0216506350946109,0.9999999042655243
0.075,0.0216506350946109,0.9999998129789199
0.1,0.0216506350946109,0.9999996411131877
0.125,0.0216506350946109,0.9999993234978511
0.15,0.0216506350946109,0.9999987473619423
0.175,0.0216506350946109,0.9999977216168212
0.2,0.0216506350946109,0.9999959292665088
0.2250000000000001,0.0216506350946109,0.9999928556402291
0.2500000000000001,0.0216506350946109,0.9999876831769035
0.2750000000000001,0.0216506350946109,0.9999791417036912
0.3000000000000001,0.0216506350946109,0.9999653020591036
0.3250000000000001,0.0216506350946109,0.9999433012721711
0.3500000000000001,0.0216506350946109,0.9999089903031787
0.3750000000000001,0.0216506350946109,0.9998565016980293
0.4000000000000001,0.0216506350946109,0.9997777454821052
0.4250000000000001,0.0216506350946109,0.9996618579547855
0.4500000000000002,0.0216506350946109,0.9994946497397038
0.4750000000000001,0.0216506350946109,0.9992581253118351
0.5000000000000002,0.0216506350946109,0.9989301734905577
0.5250000000000001,0.0216506350946109,0.9984845524917402
0.5500000000000002,0.0216506350946109,0.997891307845777
0.5750000000000002,0.0216506350946109,0.9971177595573524
0.6000000000000002,0.0216506350946109,0.9961301692186602
0.6250000000000002,0.0216506350946109,0.9948961431724551
0.6500000000000002,0.0216506350946109,0.9933877428801788
0.6750000000000003,0.0216506350946109,0.9915851626858188
0.7000000000000002,0.0216506350946109,0.9894807093078724
0.7250000000000002,0.0216506350946109,0.9870826945100999
0.7500000000000002,0.0216506350946109,0.9844187553770708
0.7750000000000002,0.0216506350946109,0.9815380698828622
0.8000000000000003,0.0216506350946109,0.9785119601431922
0.8250000000000003,0.0216506350946109,0.9754324844047042
0.8500000000000003,0.0216506350946109,0.9724088106690595
0.8750000000000003,0.0216506350946109,0.9695614231176957
0.9000000000000004,0.0216506350946109,0.9670145048744127
0.9250000000000004,0.0216506350946109,0.9648871232141503
0.9500000000000004,0.0216506350946109,0.9632840678152383
0.9750000000000004,0.0216506350946109,0.962287315580361
0.0125,0.0433012701892219,0.9999999547212624
0.0375,0.0433012701892219,0.9999999091448822
0.0625,0.0433012701892219,0.9999998209191189
0.0875,0.0433012701892219,0.9999996532681067
0.1125,0.0433012701892219,0.9999993405481349
0.1375,0.0433012701892219,0.9999987679817189
0.1625,0.0433012701892219,0.9999977390240402
0.1875,0.0433012701892219,0.9999959241379311
0.2125,0.0433012701892219,0.9999927824840217
0.2375000000000001,0.0433012701892219,0.9999874454609817
0.2625000000000001,0.0433012701892219,0.9999785484573614
0.2875000000000001,0.0433012701892219,0.9999639951481306
0.3125000000000001,0.0433012701892219,0.9999406380348745
0.3375000000000001,0.0433012701892219,0.9999038608558151
0.3625000000000001,0.0433012701892219,0.9998470544042303
0.3875000000000001,0.0433012701892219,0.9997609886963591
0.4125000000000001,0.0433012701892219,0.999633102588987
0.4375000000000001,0.0433012701892219,0.9994467574236046
0.4625000000000002,0.0433012701892219,0.9991805333485947
0.4875000000000001,0.0433012701892219,0.9988076830576395
0.5125000000000002,0.0433012701892219,0.998295892894648
0.5375000000000001,0.0433012701892219,0.9976075283470668
0.5625000000000001,0.0433012701892219,0.9967005507275806
0.5875000000000001,0.0433012701892219,0.9955302745061363
0.6125000000000002,0.0433012701892219,0.9940520817660741
0.6375000000000002,0.0433012701892219,0.9922251168847616
0.6625000000000002,0.0433012701892219,0.9900168524682574
0.6875000000000002,0.0433012701892219,0.987408256999968
0.7125000000000001,0.0433012701892219,0.984399125100705
0.7375000000000002,0.0433012701892219,0.9810129803875901
0.7625000000000002,0.0433012701892219,0.9773008609609932
0.7875000000000002,0.0433012701892219,0.9733432798597499
0.8125000000000002,0.0433012701892219,0.9692497407674922
0.8375000000000002,0.0433012701892219,0.9651553913192797
0.8625000000000003,0.0433012701892219,0.961214701054056
0.8875000000000003,0.0433012701892219,0.9575924252531836
0.9125000000000004,0.0433012701892219,0.954452507745721
0.9375000000000002,0.0433012701892219,0.9519459222773292
0.9625000000000002,0.0433012701892219,0.9501986903595757
0.9875000000000004,0.0433012701892219,0.9493013935238213
0.025,0.0649519052838329,0.9999999153016071
0.05,0.0649519052838329,0.9999998315571326
0.075,0.0649519052838329,0.9999996709402044
0.1,0.0649519052838329,0.999999368545936
0.125,0.0649519052838329,0.9999988097081959
0.15,0.0649519052838329,0.9999977960087546
0.175,0.0649519052838329,0.9999959912310271
0.2,0.0649519052838329,0.9999928376270208
0.2250000000000001,0.0649519052838329,0.999987429643948
0.2500000000000001,0.0649519052838329,0.9999783287996801
0.2750000000000001,0.0649519052838329,0.9999633002508767
0.3000000000000001,0.0649519052838329,0.9999389496770426
0.3250000000000001,0.0649519052838329,0.9999002397388489
0.3500000000000001,0.0649519052838329,0.9998398702851046
0.3750000000000001,0.0649519052838329,0.9997475176493811
0.4000000000000001,0.0649519052838329,0.9996089476854911
0.4250000000000001,0.0649519052838329,0.9994050459326252
0.4500000000000002,0.0649519052838329,0.9991108464709814
0.4750000000000001,0.0649519052838329,0.9986946865394215
0.5000000000000002,0.0649519052838329,0.9981176619642963
0.5250000000000001,0.0649519052838329,0.9973336008588936
0.5500000000000002,0.0649519052838329,0.9962897989417431
0.5750000000000002,0.0649519052838329,0.9949287564241912
0.6000000000000002,0.0649519052838329,0.9931911112622825
0.6250000000000002,0.0649519052838329,0.9910198674733887
0.6500000000000002,0.0649519052838329,0.9883658677658113
0.6750000000000003,0.0649519052838329,0.9851942644896697
0.7000000000000002,0.0649519052838329,0.9814915214722634
0.7250000000000002,0.0649519052838329,0.9772722630932758
0.7500000000000002,0.0649519052838329,0.9725851162422275
0.7750000000000002,0.0649519052838329,0.9675166085666461
0.8000000000000003,0.0649519052838329,0.9621922298819527
0.8250000000000003,0.0649519052838329,0.9567739548051792
0.8500000000000003,0.0649519052838329,0.95145386222014
0.8750000000000003,0.0649519052838329,0.9464439415993511
0.9000000000000004,0.0649519052838329,0.9419626906293611
0.9250000000000004,0.0649519052838329,0.9382196057644534
0.9500000000000004,0.0649519052838329,0.9353990623173807
0.9750000000000004,0.0649519052838329,0.9336452969850367
0.0125,0.0866025403784438,0.9999999224385919
0.0375,0.0866025403784438,0.9999998443673291
0.0625,0.0866025403784438,0.9999996932386802
0.0875,0.0866025403784438,0.9999994060564561
0.1125,0.0866025403784438,0.9999988703745306
0.1375,0.0866025403784438,0.9999978895817834
0.1625,0.0866025403784438,0.9999961270015825
0.1875,0.0866025403784438,0.999993018144543
0.2125,0.0866025403784438,0.9999876365655982
0.2375000000000001,0.0866025403784438,0.9999784943711848
0.2625000000000001,0.0866025403784438,0.9999632540141199
0.2875000000000001,0.0866025403784438,0.999938324539139
0.3125000000000001,0.0866025403784438,0.9998983143557982
0.3375000000000001,0.0866025403784438,0.9998353159167022
0.3625000000000001,0.0866025403784438,0.9997380078068374
0.3875000000000001,0.0866025403784438,0.9995905792820226
0.4125000000000001,0.0866025403784438,0.99937151340061
0.4375000000000001,0.0866025403784438,0.9990523085335585
0.4625000000000002,0.0866025403784438,0.998596272980959
0.4875000000000001,0.0866025403784438,0.9979575892388276
0.5125000000000002,0.0866025403784438,0.9970809047774912
0.5375000000000001,0.0866025403784438,0.9959017525658267
0.5625000000000001,0.0866025403784438,0.9943481213253668
0.5875000000000001,0.0866025403784438,0.9923434657985487
0.6125000000000002,0.0866025403784438,0.9898113565479559
0.6375000000000002,0.0866025403784438,0.9866818088569794
0.6625000000000002,0.0866025403784438,0.9828991040680559
0.6875000000000002,0.0866025403784438,0.9784306416427621
0.7125000000000001,0.0866025403784438,0.9732760697713987
0.7375000000000002,0.0866025403784438,0.967475683854496
0.7625000000000002,0.0866025403784438,0.9611169109525293
0.7875000000000002,0.0866025403784438,0.9543376679994027
0.8125000000000002,0.0866025403784438,0.9473255322188322
0.8375000000000002,0.0866025403784438,0.9403120083176513
0.8625000000000003,0.0866025403784438,0.9335616989676849
0.8875000000000003,0.0866025403784438,0.9273568260745857
0.9125000000000004,0.0866025403784438,0.9219782215453753
0.9375000000000002,0.0866025403784438,0.9176844998405524
0.9625000000000002,0.0866025403784438,0.9146915328329561
0.9875000000000004,0.0866025403784438,0.9131544845463802
0.025,0.1082531754730548,0.9999998587483087
0.05,0.1082531754730548,0.9999997190874689
0.075,0.1082531754730548,0.9999994512262734
0.1,0.1082531754730548,0.9999989469227039
0.125,0.1082531754730548,0.9999980149478068
0.15,0.1082531754730548,0.9999963243990756
0.175,0.1082531754730548,0.9999933145673909
0.2,0.1082531754730548,0.9999880552952296
0.2250000000000001,0.1082531754730548,0.9999790363902668
0.2500000000000001,0.1082531754730548,0.9999638588927726
0.2750000000000001,0.1082531754730548,0.9999387957497186
0.3000000000000001,0.1082531754730548,0.9998981862455384
0.3250000000000001,0.1082531754730548,0.9998336295986353
0.3500000000000001,0.1082531754730548,0.9997329513312198
0.3750000000000001,0.1082531754730548,0.9995789346426597
0.4000000000000001,0.1082531754730548,0.9993478412168461
0.4250000000000001,0.1082531754730548,0.9990077938265143
0.4500000000000002,0.1082531754730548,0.9985171567536939
0.4750000000000001,0.1082531754730548,0.9978231259437642
0.5000000000000002,0.1082531754730548,0.996860820822936
0.5250000000000001,0.1082531754730548,0.9955532404367671
0.5500000000000002,0.1082531754730548,0.9938124897420739
0.5750000000000002,0.1082531754730548,0.9915426762180647
0.6000000000000002,0.1082531754730548,0.9886448016567878
0.6250000000000002,0.1082531754730548,0.985023813735839
0.6500000000000002,0.1082531754730548,0.9805977327344816
0.6750000000000003,0.1082531754730548,0.9753084431523108
0.7000000000000002,0.1082531754730548,0.9691333706850981
0.7250000000000002,0.1082531754730548,0.9620969044421901
0.7500000000000002,0.1082531754730548,0.9542801395914757
0.7750000000000002,0.1082531754730548,0.9458273784762141
0.8000000000000003,0.1082531754730548,0.9369479007305794
0.8250000000000003,0.1082531754730548,0.9279118317705993
0.8500000000000003,0.1082531754730548,0.9190395019625454
0.8750000000000003,0.1082531754730548,0.9106844466041467
0.9000000000000004,0.1082531754730548,0.903211054755625
0.9250000000000004,0.1082531754730548,0.8969687041028588
0.9500000000000004,0.1082531754730548,0.892264877750147
0.9750000000000004,0.1082531754730548,0.8893401195460805
0.0125,0.1299038105676658,0.9999998740693967
0.0375,0.1299038105676658,0.9999997473109808
0.0625,0.1299038105676658,0.9999995019348021
0.0875,0.1299038105676658,0.9999990356587038
0.1125,0.1299038105676658,0.9999981659123993
0.1375,0.1299038105676658,0.9999965734732545
0.1625,0.1299038105676658,0.9999937117048374
0.1875,0.1299038105676658,0.9999886640883463
0.2125,0.1299038105676658,0.9999799264248623
0.2375000000000001,0.1299038105676658,0.9999650829339264
0.2625000000000001,0.1299038105676658,0.999940338316636
0.2875000000000001,0.1299038105676658,0.9998998622100053
0.3125000000000001,0.1299038105676658,0.9998349006956347
0.3375000000000001,0.1299038105676658,0.9997326148857497
0.3625000000000001,0.1299038105676658,0.9995746230534328
0.3875000000000001,0.1299038105676658,0.9993352544868902
0.4125000000000001,0.1299038105676658,0.9989795737522568
0.4375000000000001,0.1299038105676658,0.9984613049060111
0.4625000000000002,0.1299038105676658,0.9977208744048224
0.4875000000000001,0.1299038105676658,0.99668389182618
0.5125000000000002,0.1299038105676658,0.995260485446148
0.5375000000000001,0.1299038105676658,0.9933459850128296
0.5625000000000001,0.1299038105676658,0.9908234712494209
0.5875000000000001,0.1299038105676658,0.9875686633995253
0.6125000000000002,0.1299038105676658,0.9834574687551747
0.6375000000000002,0.1299038105676658,0.9783762584150716
0.6625000000000002,0.1299038105676658,0.9722345662010642
0.6875000000000002,0.1299038105676658,0.9649794610798892
0.7125000000000001,0.1299038105676658,0.9566103718446957
0.7375000000000002,0.1299038105676658,0.9471927230954741
0.7625000000000002,0.1299038105676658,0.9368684635505561
0.7875000000000002,0.1299038105676658,0.9258615185243406
0.8125000000000002,0.1299038105676658,0.9144764429949999
0.8375000000000002,0.1299038105676658,0.9030891136790116
0.8625000000000003,0.1299038105676658,0.892129145960085
0.8875000000000003,0.1299038105676658,0.8820547622418413
0.9125000000000004,0.1299038105676658,0.8733219280920537
0.9375000000000002,0.1299038105676658,0.8663505362877436
0.9625000000000002,0.1299038105676658,0.8614910816929358
0.9875000000000004,0.1299038105676658,0.8589954924199216
0.025,0.1515544456622767,0.9999997767217766
0.05,0.1515544456622767,0.9999995559582311
0.075,0.1515544456622767,0.9999991325468633
0.1,0.1515544456622767,0.9999983353882308
0.125,0.1515544456622767,0.9999968622044602
0.15,0.1515544456622767,0.9999941899340345
0.175,0.1515544456622767,0.999989432257401
0.2,0.1515544456622767,0.9999811188635329
0.2250000000000001,0.1515544456622767,0.9999668625735146
0.2500000000000001,0.1515544456622767,0.9999428713232557
0.2750000000000001,0.1515544456622767,0.999903253715839
0.3000000000000001,0.1515544456622767,0.9998390617910464
0.3250000000000001,0.1515544456622767,0.9997370163337941
0.3500000000000001,0.1515544456622767,0.9995778730026784
0.3750000000000001,0.1515544456622767,0.999334416996789
0.4000000000000001,0.1515544456622767,0.9989691248783711
0.4250000000000001,0.1515544456622767,0.9984316079362967
0.4500000000000002,0.1515544456622767,0.9976560520974667
0.4750000000000001,0.1515544456622767,0.9965589893666077
0.5000000000000002,0.1515544456622767,0.9950378622513977
0.5250000000000001,0.1515544456622767,0.992970954430096
0.5500000000000002,0.1515544456622767,0.9902193291657104
0.5750000000000002,0.1515544456622767,0.986631408013561
0.6000000000000002,0.1515544456622767,0.982050703332449
0.6250000000000002,0.1515544456622767,0.9763269647892487
0.6500000000000002,0.1515544456622767,0.9693306060673013
0.6750000000000003,0.1515544456622767,0.9609697633060013
0.7000000000000002,0.1515544456622767,0.9512087530349758
0.7250000000000002,0.1515544456622767,0.9400861274085672
0.7500000000000002,0.1515544456622767,0.9277300745202592
0.7750000000000002,0.1515544456622767,0.914368694795134
0.8000000000000003,0.1515544456622767,0.9003327990325042
0.8250000000000003,0.1515544456622767,0.8860493776805481
0.8500000000000003,0.1515544456622767,0.8720247807476103
0.8750000000000003,0.1515544456622767,0.858817845670923
0.9000000000000004,0.1515544456622767,0.8470045665587922
0.9250000000000004,0.1515544456622767,0.8371372088620981
0.9500000000000004,0.1515544456622767,0.8297018147698462
0.9750000000000004,0.1515544456622767,0.8250786147957987
0.0125,0.1732050807568877,0.9999998062011894
0.0375,0.1732050807568877,0.9999996111284305
0.0625,0.1732050807568877,0.9999992335108354
0.0875,0.1732050807568877,0.9999985159429776
0.1125,0.1732050807568877,0.9999971774613468
0.1375,0.1732050807568877,0.9999947268035714
0.1625,0.1732050807568877,0.9999903227325929
0.1875,0.1732050807568877,0.9999825547870227
0.2125,0.1732050807568877,0.9999691081049157
0.2375000000000001,0.1732050807568877,0.9999462649610545
0.2625000000000001,0.1732050807568877,0.9999081846432241
0.2875000000000001,0.1732050807568877,0.9998458946111354
0.3125000000000001,0.1732050807568877,0.9997459231674495
0.3375000000000001,0.1732050807568877,0.999588512119048
0.3625000000000001,0.1732050807568877,0.9993453732125682
0.3875000000000001,0.1732050807568877,0.9989770009324236
0.4125000000000001,0.1732050807568877,0.9984296319728608
0.4375000000000001,0.1732050807568877,0.9976320507391297
0.4625000000000002,0.1732050807568877,0.9964925775160948
0.4875000000000001,0.1732050807568877,0.9948967303984791
0.5125000000000002,0.1732050807568877,0.9927062027892846
0.5375000000000001,0.1732050807568877,0.9897599141426757
0.5625000000000001,0.1732050807568877,0.9858779334793634
0.5875000000000001,0.1732050807568877,0.9808690009932951
0.6125000000000002,0.1732050807568877,0.9745421462724246
0.6375000000000002,0.1732050807568877,0.966722502006203
0.6625000000000002,0.1732050807568877,0.9572708467721893
0.6875000000000002,0.1732050807568877,0.9461057232357999
0.7125000000000001,0.1732050807568877,0.933226252347738
0.7375000000000002,0.1732050807568877,0.9187331182096137
0.7625000000000002,0.1732050807568877,0.9028447704440765
0.7875000000000002,0.1732050807568877,0.8859058151948602
0.8125000000000002,0.1732050807568877,0.8683849422876976
0.8375000000000002,0.1732050807568877,0.8508606009530034
0.8625000000000003,0.1732050807568877,0.8339939406506593
0.8875000000000003,0.1732050807568877,0.8184901351387465
0.9125000000000004,0.1732050807568877,0.8050508850552976
0.9375000000000002,0.1732050807568877,0.7943223774161019
0.9625000000000002,0.1732050807568877,0.7868440004712731
0.9875000000000004,0.1732050807568877,0.7830034548053022
0.025,0.1948557158514987,0.9999996654713614
0.05,0.1948557158514987,0.9999993347103618
0.075,0.1948557158514987,0.9999987003304106
0.1,0.1948557158514987,0.9999975059802046
0.125,0.1948557158514987,0.9999952987691574
0.15,0.1948557158514987,0.9999912950155715
0.175,0.1948557158514987,0.9999841667830768
0.2,0.1948557158514987,0.9999717111647412
0.2250000000000001,0.1948557158514987,0.999950351547939
0.2500000000000001,0.1948557158514987,0.9999144064379923
0.2750000000000001,0.1948557158514987,0.9998550489956313
0.3000000000000001,0.1948557158514987,0.9997588728576873
0.3250000000000001,0.1948557158514987,0.9996059823188075
0.3500000000000001,0.1948557158514987,0.999367544368618
0.3750000000000001,0.1948557158514987,0.99900278418295
0.4000000000000001,0.1948557158514987,0.9984554819282758
0.4250000000000001,0.1948557158514987,0.9976501422576667
0.4500000000000002,0.1948557158514987,0.9964881586346539
0.4750000000000001,0.1948557158514987,0.9948444743725395
0.5000000000000002,0.1948557158514987,0.9925654317712213
0.5250000000000001,0.1948557158514987,0.9894686682393358
0.5500000000000002,0.1948557158514987,0.985346020540999
0.5750000000000002,0.1948557158514987,0.9799703848862559
0.6000000000000002,0.1948557158514987,0.9731073022366045
0.6250000000000002,0.1948557158514987,0.9645316586573629
0.6500000000000002,0.1948557158514987,0.9540493002653613
0.6750000000000003,0.1948557158514987,0.9415225911919415
0.7000000000000002,0.1948557158514987,0.9268980683515206
0.7250000000000002,0.1948557158514987,0.9102334928616547
0.7500000000000002,0.1948557158514987,0.8917209237048636
0.7750000000000002,0.1948557158514987,0.8717021144275428
0.8000000000000003,0.1948557158514987,0.850672705332906
0.8250000000000003,0.1948557158514987,0.8292724387620268
0.8500000000000003,0.1948557158514987,0.8082599582422314
0.8750000000000003,0.1948557158514987,0.7884725470708388
0.9000000000000004,0.1948557158514987,0.7707731936843912
0.9250000000000004,0.1948557158514987,0.7559893348415971
0.9500000000000004,0.1948557158514987,0.7448491876938732
0.9750000000000004,0.1948557158514987,0.737922436083234
0.0125,0.2165063509461096,0.9999997173134441
0.0375,0.2165063509461096,0.9999994327686308
0.0625,0.2165063509461096,0.9999988819529828
0.0875,0.2165063509461096,0.9999978352655148
0.1125,0.2165063509461096,0.9999958828760172
0.1375,0.2165063509461096,0.9999923081997627
0.1625,0.2165063509461096,0.999985884157978
0.1875,0.2165063509461096,0.999974553367178
0.2125,0.2165063509461096,0.9999549392310424
0.2375000000000001,0.2165063509461096,0.9999216188528336
0.2625000000000001,0.2165063509461096,0.9998660726197873
0.2875000000000001,0.2165063509461096,0.9997752126470777
0.3125000000000001,0.2165063509461096,0.9996293883098527
0.3375000000000001,0.2165063509461096,0.9993997791238821
0.3625000000000001,0.2165063509461096,0.9990451221480119
0.3875000000000001,0.2165063509461096,0.9985077922703629
0.4125000000000001,0.2165063509461096,0.9977093671121093
0.4375000000000001,0.2165063509461096,0.9965459673400974
0.4625000000000002,0.2165063509461096,0.9948838634291373
0.4875000000000001,0.2165063509461096,0.9925560652133805
0.5125000000000002,0.2165063509461096,0.9893608304042546
0.5375000000000001,0.2165063509461096,0.9850631972669857
0.5625000000000001,0.2165063509461096,0.9794007076952016
0.5875000000000001,0.2165063509461096,0.9720943786770835
0.6125000000000002,0.2165063509461096,0.962865649328248
0.6375000000000002,0.2165063509461096,0.9514594477129211
0.6625000000000002,0.2165063509461096,0.9376726971233305
0.6875000000000002,0.2165063509461096,0.9213865790110003
0.7125000000000001,0.2165063509461096,0.9025998111419612
0.7375000000000002,0.2165063509461096,0.8814592573789828
0.7625000000000002,0.2165063509461096,0.8582835614293622
0.7875000000000002,0.2165063509461096,0.8335753864603086
0.8125000000000002,0.2165063509461096,0.8080183915316655
0.8375000000000002,0.2165063509461096,0.7824563373468256
0.8625000000000003,0.2165063509461096,0.7578536161185969
0.8875000000000003,0.2165063509461096,0.7352388365387141
0.9125000000000004,0.2165063509461096,0.7156355411979294
0.9375000000000002,0.2165063509461096,0.699986297191671
0.9625000000000002,0.2165063509461096,0.6890778885372519
0.9875000000000004,0.2165063509461096,0.6834758385350335
0.025,0.2381569860407206,0.9999995249334387
0.05,0.2381569860407206,0.999999055217329
0.075,0.2381569860407206,0.9999981543297302
0.1,0.2381569860407206,0.9999964582242853
0.125,0.2381569860407206,0.9999933237477672
0.15,0.2381569860407206,0.9999876379880774
0.175,0.2381569860407206,0.9999775151330843
0.2,0.2381569860407206,0.9999598268185752
0.2250000000000001,0.2381569860407206,0.9999294938708554
0.2500000000000001,0.2381569860407206,0.999878447957865
0.2750000000000001,0.2381569860407206,0.9997941540207315
0.3000000000000001,0.2381569860407206,0.9996575735852694
0.3250000000000001,0.2381569860407206,0.9994404526150928
0.3500000000000001,0.2381569860407206,0.9991018451417244
0.3750000000000001,0.2381569860407206,0.9985838465397555
0.4000000000000001,0.2381569860407206,0.9978066186132578
0.4250000000000001,0.2381569860407206,0.9966629498690345
0.4500000000000002,0.2381569860407206,0.9950128084449393
0.4750000000000001,0.2381569860407206,0.9926786004274326
0.5000000000000002,0.2381569860407206,0.9894421153950861
0.5250000000000001,0.2381569860407206,0.9850443789008817
0.5500000000000002,0.2381569860407206,0.9791897768142043
0.5750000000000002,0.2381569860407206,0.9715557973853598
0.6000000000000002,0.2381569860407206,0.9618094836225081
0.6250000000000002,0.2381569860407206,0.9496311495839522
0.6500000000000002,0.2381569860407206,0.9347450759231173
0.6750000000000003,0.2381569860407206,0.916955804938349
0.7000000000000002,0.2381569860407206,0.8961874133115961
0.7250000000000002,0.2381569860407206,0.8725219280274854
0.7500000000000002,0.2381569860407206,0.8462320934488881
0.7750000000000002,0.2381569860407206,0.817803236281422
0.8000000000000003,0.2381569860407206,0.7879392189372469
0.8250000000000003,0.2381569860407206,0.7575485441842557
0.8500000000000003,0.2381569860407206,0.7277085672327706
0.8750000000000003,0.2381569860407206,0.6996083202044554
0.9000000000000004,0.2381569860407206,0.6744733392768001
0.9250000000000004,0.2381569860407206,0.6534786734301198
0.9500000000000004,0.2381569860407206,0.637658469156233
0.9750000000000004,0.2381569860407206,0.6278217386371773
0.0125,0.2598076211353316,0.9999996091650201
0.0375,0.2598076211353316,0.9999992157608626
0.0625,0.2598076211353316,0.9999984542176685
0.0875,0.2598076211353316,0.9999970070951686
0.1125,0.2598076211353316,0.9999943077729191
0.1375,0.2598076211353316,0.9999893655197672
0.1625,0.2598076211353316,0.9999804838089497
0.1875,0.2598076211353316,0.999964818156298
0.2125,0.2598076211353316,0.999937700168755
0.2375000000000001,0.2598076211353316,0.999891632292253
0.2625000000000001,0.2598076211353316,0.9998148355347826
0.2875000000000001,0.2598076211353316,0.999689214931813
0.3125000000000001,0.2598076211353316,0.999487602047464
0.3375000000000001,0.2598076211353316,0.99917015044002
0.3625000000000001,0.2598076211353316,0.9986798110548369
0.3875000000000001,0.2598076211353316,0.9979369129313742
0.4125000000000001,0.2598076211353316,0.9968330313560798
0.4375000000000001,0.2598076211353316,0.995224545501457
0.4625000000000002,0.2598076211353316,0.9929265644514274
0.4875000000000001,0.2598076211353316,0.9897082120049715
0.5125000000000002,0.2598076211353316,0.9852905645923465
0.5375000000000001,0.2598076211353316,0.9793487703132395
0.5625000000000001,0.2598076211353316,0.9715199615088402
0.5875000000000001,0.2598076211353316,0.9614184236217055
0.6125000000000002,0.2598076211353316,0.948659025716657
0.6375000000000002,0.2598076211353316,0.9328891120596345
0.6625000000000002,0.2598076211353316,0.9138279141480878
0.6875000000000002,0.2598076211353316,0.891311156589252
0.7125000000000001,0.2598076211353316,0.8653370666002438
0.7375000000000002,0.2598076211353316,0.8361086942860256
0.7625000000000002,0.2598076211353316,0.8040665880360521
0.7875000000000002,0.2598076211353316,0.7699057166938341
0.8125000000000002,0.2598076211353316,0.7345712892525292
0.8375000000000002,0.2598076211353316,0.6992298670169814
0.8625000000000003,0.2598076211353316,0.6652147932368006
0.8875000000000003,0.2598076211353316,0.6339481951724522
0.9125000000000004,0.2598076211353316,0.6068451958267382
0.9375000000000002,0.2598076211353316,0.5852089636173446
0.9625000000000002,0.2598076211353316,0.5701272853849915
0.9875000000000004,0.2598076211353316,0.5623820387361337
0.025,0.2814582562299426,0.9999993605452079
0.05,0.2814582562299426,0.9999987282922949
0.075,0.2814582562299426,0.9999975156687613
0.1,0.2814582562299426,0.9999952326565626
0.125,0.2814582562299426,0.9999910135508759
0.15,0.2814582562299426,0.9999833603364074
0.175,0.2814582562299426,0.9999697346496877
0.2,0.2814582562299426,0.9999459256123892
0.2250000000000001,0.2814582562299426,0.9999050964942013
0.2500000000000001,0.2814582562299426,0.9998363870620106
0.2750000000000001,0.2814582562299426,0.9997229247254933
0.3000000000000001,0.2814582562299426,0.9995390830892253
0.3250000000000001,0.2814582562299426,0.9992468313161931
0.3500000000000001,0.2814582562299426,0.9987910548226857
0.3750000000000001,0.2814582562299426,0.9980938121301415
0.4000000000000001,0.2814582562299426,0.9970476384722743
0.4250000000000001,0.2814582562299426,0.9955082237488174
0.4500000000000002,0.2814582562299426,0.9932870805927514
0.4750000000000001,0.2814582562299426,0.990145161914016
0.5000000000000002,0.2814582562299426,0.9857887495033351
0.5250000000000001,0.2814582562299426,0.9798692554686708
0.5500000000000002,0.2814582562299426,0.9719887737315104
0.5750000000000002,0.2814582562299426,0.9617131931574243
0.6000000000000002,0.2814582562299426,0.9485943429818396
0.6250000000000002,0.2814582562299426,0.9322019156983072
0.6500000000000002,0.2814582562299426,0.9121647842442023
0.6750000000000003,0.2814582562299426,0.8882198562990787
0.7000000000000002,0.2814582562299426,0.8602649366475366
0.7250000000000002,0.2814582562299426,0.8284104362354842
0.7500000000000002,0.2814582562299426,0.7930234777022908
0.7750000000000002,0.2814582562299426,0.7547573263226167
0.8000000000000003,0.2814582562299426,0.7145594034245686
0.8250000000000003,0.2814582562299426,0.673652582802906
0.8500000000000003,0.2814582562299426,0.6334870190426343
0.8750000000000003,0.2814582562299426,0.595663187424728
0.9000000000000004,0.2814582562299426,0.5618306988573163
0.9250000000000004,0.2814582562299426,0.5335712068657024
0.9500000000000004,0.2814582562299426,0.5122767057172456
0.9750000000000004,0.2814582562299426,0.499036151694764
0.0125,0.3031088913245535,0.999999487827894
0.0375,0.3031088913245535,0.9999989722889935
0.0625,0.3031088913245535,0.9999979743200256
0.0875,0.3031088913245535,0.9999960779294349
0.1125,0.3031088913245535,0.999992540585972
0.1375,0.3031088913245535,0.9999860639798974
0.1625,0.3031088913245535,0.9999744248872675
0.1875,0.3031088913245535,0.9999538957362892
0.2125,0.3031088913245535,0.9999183588025352
0.2375000000000001,0.3031088913245535,0.999857988870111
0.2625000000000001,0.3031088913245535,0.9997573500864095
0.2875000000000001,0.3031088913245535,0.9995927297937417
0.3125000000000001,0.3031088913245535,0.9993285249480195
0.3375000000000001,0.3031088913245535,0.9989125185343429
0.3625000000000001,0.3031088913245535,0.9982699502677753
0.3875000000000001,0.3031088913245535,0.997296414847504
0.4125000000000001,0.3031088913245535,0.9958498264400318
0.4375000000000001,0.3031088913245535,0.9937419762476234
0.4625000000000002,0.3031088913245535,0.9907305728308418
0.4875000000000001,0.3031088913245535,0.9865130630504462
0.5125000000000002,0.3031088913245535,0.9807239297970003
0.5375000000000001,0.3031088913245535,0.9729374688974709
0.5625000000000001,0.3031088913245535,0.9626781581940196
0.5875000000000001,0.3031088913245535,0.9494405356698162
0.6125000000000002,0.3031088913245535,0.9327199041194202
0.6375000000000002,0.3031088913245535,0.9120541236646622
0.6625000000000002,0.3031088913245535,0.8870752594925493
0.6875000000000002,0.3031088913245535,0.8575680359031101
0.7125000000000001,0.3031088913245535,0.8235301297420998
0.7375000000000002,0.3031088913245535,0.7852276292698428
0.7625000000000002,0.3031088913245535,0.7432378538359674
0.7875000000000002,0.3031088913245535,0.6984715296407085
0.8125000000000002,0.3031088913245535,0.6521673116292543
0.8375000000000002,0.3031088913245535,0.605853927246614
0.8625000000000003,0.3031088913245535,0.5612786643642722
0.8875000000000003,0.3031088913245535,0.5203051584074248
0.9125000000000004,0.3031088913245535,0.4847878660286835
0.9375000000000002,0.3031088913245535,0.45643453230523734
0.9625000000000002,0.3031088913245535,0.4366706542005325
0.9875000000000004,0.3031088913245535,0.426520848038343
0.025,0.3247595264191645,0.9999991841704078
0.05,0.3247595264191645,0.9999983775291211
0.075,0.3247595264191645,0.9999968304390452
0.1,0.3247595264191645,0.9999939177250675
0.125,0.3247595264191645,0.9999885349031473
0.15,0.3247595264191645,0.999978770774524
0.175,0.3247595264191645,0.9999613868428099
0.2,0.3247595264191645,0.9999310107827191
0.2250000000000001,0.3247595264191645,0.999878920152931
0.2500000000000001,0.3247595264191645,0.9997912592443919
0.2750000000000001,0.3247595264191645,0.9996465016589055
0.3000000000000001,0.3247595264191645,0.9994119527134592
0.3250000000000001,0.3247595264191645,0.9990390918830123
0.3500000000000001,0.3247595264191645,0.998457602846679
0.3750000000000001,0.3247595264191645,0.9975680462610418
0.4000000000000001,0.3247595264191645,0.996233316364225
0.4250000000000001,0.3247595264191645,0.994269299358495
0.4500000000000002,0.3247595264191645,0.9914355191794421
0.4750000000000001,0.3247595264191645,0.9874269946268122
0.5000000000000002,0.3247595264191645,0.9818689939605998
0.5250000000000001,0.3247595264191645,0.9743167815695876
0.5500000000000002,0.3247595264191645,0.9642627006846318
0.5750000000000002,0.3247595264191645,0.9511529033806704
0.6000000000000002,0.3247595264191645,0.9344156041669711
0.6250000000000002,0.3247595264191645,0.9135018078653788
0.6500000000000002,0.3247595264191645,0.8879380229266861
0.6750000000000003,0.3247595264191645,0.8573885907505434
0.7000000000000002,0.3247595264191645,0.8217231285766128
0.7250000000000002,0.3247595264191645,0.7810825009634031
0.7500000000000002,0.3247595264191645,0.7359350905344686
0.7750000000000002,0.3247595264191645,0.6871143465800718
0.8000000000000003,0.3247595264191645,0.6358290087410904
0.8250000000000003,0.3247595264191645,0.5836392445878174
0.8500000000000003,0.3247595264191645,0.5323951912031908
0.8750000000000003,0.3247595264191645,0.48413876790965626
0.9000000000000004,0.3247595264191645,0.4409745822746458
0.9250000000000004,0.3247595264191645,0.4049205404371189
0.9500000000000004,0.3247595264191645,0.37775257734905066
0.9750000000000004,0.3247595264191645,0.36086000586120337
0.0125,0.3464101615137754,0.9999993638307955
0.0375,0.3464101615137754,0.9999987234796938
0.0625,0.3464101615137754,0.9999974839019872
0.0875,0.3464101615137754,0.9999951283943764
0.1125,0.3464101615137754,0.9999907346584607
0.1375,0.3464101615137754,0.999982690063125
0.1625,0.3464101615137754,0.9999682331409031
0.1875,0.3464101615137754,0.999942733873184
0.2125,0.3464101615137754,0.9998985934316887
0.2375000000000001,0.3464101615137754,0.9998236079113092
0.2625000000000001,0.3464101615137754,0.9996986044325374
0.2875000000000001,0.3464101615137754,0.999494129492529
0.3125000000000001,0.3464101615137754,0.9991659605341128
0.3375000000000001,0.3464101615137754,0.9986492387794549
0.3625000000000001,0.3464101615137754,0.9978511044448084
0.3875000000000001,0.3464101615137754,0.996641875658794
0.4125000000000001,0.3464101615137754,0.9948450675433352
0.4375000000000001,0.3464101615137754,0.9922269058656062
0.4625000000000002,0.3464101615137754,0.9884864403190526
0.4875000000000001,0.3464101615137754,0.9832478695125274
0.5125000000000002,0.3464101615137754,0.9760571844790144
0.5375000000000001,0.3464101615137754,0.9663856178725704
0.5625000000000001,0.3464101615137754,0.9536425234057851
0.5875000000000001,0.3464101615137754,0.9372000664788476
0.6125000000000002,0.3464101615137754,0.9164313624645198
0.6375000000000002,0.3464101615137754,0.8907623872110233
0.6625000000000002,0.3464101615137754,0.85973612872066
0.6875000000000002,0.3464101615137754,0.8230851929490899
0.7125000000000001,0.3464101615137754,0.7808066943053741
0.7375000000000002,0.3464101615137754,0.7332311411380585
0.7625000000000002,0.3464101615137754,0.6810756220725364
0.7875000000000002,0.3464101615137754,0.6254713505341953
0.8125000000000002,0.3464101615137754,0.5679568603909075
0.8375000000000002,0.3464101615137754,0.510430984693822
0.8625000000000003,0.3464101615137754,0.4550640304987045
0.8875000000000003,0.3464101615137754,0.40417082021042994
0.9125000000000004,0.3464101615137754,0.36005477527629304
0.9375000000000002,0.3464101615137754,0.32483708662937316
0.9625000000000002,0.3464101615137754,0.3002883646929613
0.9875000000000004,0.3464101615137754,0.28768128586642483
0.025,0.3680607966083864,0.9999990134404924
0.05,0.3680607966083864,0.9999980379921412
0.075,0.3680607966083864,0.9999961671401418
0.1,0.3680607966083864,0.9999926448780234
0.125,0.3680607966083864,0.9999861355846685
0.15,0.3680607966083864,0.9999743281018079
0.175,0.3680607966083864,0.9999533062079263
0.2,0.3680607966083864,0.9999165733029499
0.2250000000000001,0.3680607966083864,0.9998535815868274
0.2500000000000001,0.3680607966083864,0.9997475757449283
0.2750000000000001,0.3680607966083864,0.9995725245165471
0.3000000000000001,0.3680607966083864,0.9992888911519956
0.3250000000000001,0.3680607966083864,0.9988380011612182
0.3500000000000001,0.3680607966083864,0.9981348230185445
0.3750000000000001,0.3680607966083864,0.9970591075559867
0.4000000000000001,0.3680607966083864,0.995445056677688
0.4250000000000001,0.3680607966083864,0.9930700268078603
0.4500000000000002,0.3680607966083864,0.989643217085673
0.4750000000000001,0.3680607966083864,0.9847958224253119
0.5000000000000002,0.3680607966083864,0.978074690398316
0.5250000000000001,0.3680607966083864,0.9689420148870513
0.5500000000000002,0.3680607966083864,0.9567839010083181
0.5750000000000002,0.3680607966083864,0.9409305962286465
0.6000000000000002,0.3680607966083864,0.9206906566268991
0.6250000000000002,0.3680607966083864,0.8954001979583331
0.6500000000000002,0.3680607966083864,0.8644866403678881
0.6750000000000003,0.3680607966083864,0.8275440814628813
0.7000000000000002,0.3680607966083864,0.7844148530818811
0.7250000000000002,0.3680607966083864,0.7352692987265395
0.7500000000000002,0.3680607966083864,0.6806738201735225
0.7750000000000002,0.3680607966083864,0.6216362839298852
0.8000000000000003,0.3680607966083864,0.5596183844430551
0.8250000000000003,0.3680607966083864,0.4965067879539924
0.8500000000000003,0.3680607966083864,0.4345388125828731
0.8750000000000003,0.3680607966083864,0.3761836932540581
0.9000000000000004,0.3680607966083864,0.32398647200248554
0.9250000000000004,0.3680607966083864,0.2803873452931328
0.9500000000000004,0.3680607966083864,0.24753390072096793
0.9750000000000004,0.3680607966083864,0.22710619477708494
0.0125,0.3897114317029974,0.9999992510314419
0.0375,0.3897114317029974,0.9999984971394933
0.0625,0.3897114317029974,0.9999970377718896
0.0875,0.3897114317029974,0.9999942646085139
0.1125,0.3897114317029974,0.9999890918179577
0.1375,0.3897114317029974,0.9999796208329966
0.1625,0.3897114317029974,0.999962600549535
0.1875,0.3897114317029974,0.9999325799989655
0.2125,0.3897114317029974,0.999880613002475
0.2375000000000001,0.3897114317029974,0.9997923317768594
0.2625000000000001,0.3897114317029974,0.9996451638935628
0.2875000000000001,0.3897114317029974,0.9994044334402671
0.3125000000000001,0.3897114317029974,0.9990180767448507
0.3375000000000001,0.3897114317029974,0.998409734900019
0.3625000000000001,0.3897114317029974,0.9974700831257606
0.3875000000000001,0.3897114317029974,0.9960464456189665
0.4125000000000001,0.3897114317029974,0.9939310449145965
0.4375000000000001,0.3897114317029974,0.9908486562000909
0.4625000000000002,0.3897114317029974,0.9864449675792666
0.4875000000000001,0.3897114317029974,0.9802775442029614
0.5125000000000002,0.3897114317029974,0.9718118766372784
0.5375000000000001,0.3897114317029974,0.9604254416386765
0.5625000000000001,0.3897114317029974,0.9454228652483719
0.5875000000000001,0.3897114317029974,0.9260649913242918
0.6125000000000002,0.3897114317029974,0.9016137821368594
0.6375000000000002,0.3897114317029974,0.8713934331388055
0.6625000000000002,0.3897114317029974,0.8348658993972748
0.6875000000000002,0.3897114317029974,0.791716375149273
0.7125000000000001,0.3897114317029974,0.7419414631588617
0.7375000000000002,0.3897114317029974,0.6859302743095561
0.7625000000000002,0.3897114317029974,0.6245270444272089
0.7875000000000002,0.3897114317029974,0.5590635627308631
0.8125000000000002,0.3897114317029974,0.49135116099256115
0.8375000000000002,0.3897114317029974,0.4236253549244835
0.8625000000000003,0.3897114317029974,0.3584412693810689
0.8875000000000003,0.3897114317029974,0.2985241686260047
0.9125000000000004,0.3897114317029974,0.24658589445817092
0.9375000000000002,0.3897114317029974,0.20512374681479173
0.9625000000000002,0.3897114317029974,0.17622228358736924
0.9875000000000004,0.3897114317029974,0.1613798398115115
0.025,0.4113620667976083,0.9999988692116055
0.05,0.4113620667976083,0.9999977511587498
0.075,0.4113620667976083,0.999995606799781
0.1,0.4113620667976083,0.9999915696047665
0.125,0.4113620667976083,0.9999841086930581
0.15,0.4113620667976083,0.9999705750293683
0.175,0.4113620667976083,0.9999464798648636
0.2,0.4113620667976083,0.9999043768367953
0.2250000000000001,0.4113620667976083,0.9998321761221045
0.2500000000000001,0.4113620667976083,0.9997106728829859
0.2750000000000001,0.4113620667976083,0.9995100302497217
0.3000000000000001,0.4113620667976083,0.9991849314448094
0.3250000000000001,0.4113620667976083,0.9986681241313241
0.3500000000000001,0.4113620667976083,0.9978621457014407
0.3750000000000001,0.4113620667976083,0.9966291673039369
0.4000000000000001,0.4113620667976083,0.9947791521887109
0.4250000000000001,0.4113620667976083,0.9920569076688072
0.4500000000000002,0.4113620667976083,0.9881291195994918
0.4750000000000001,0.4113620667976083,0.9825730658767082
0.5000000000000002,0.4113620667976083,0.974869345994917
0.5250000000000001,0.4113620667976083,0.964401529914607
0.5500000000000002,0.4113620667976083,0.950465975124659
0.5750000000000002,0.4113620667976083,0.9322950154213373
0.6000000000000002,0.4113620667976083,0.9090961220667721
0.6250000000000002,0.4113620667976083,0.880108355053404
0.6500000000000002,0.4113620667976083,0.8446754268993584
0.6750000000000003,0.4113620667976083,0.8023320947973198
0.7000000000000002,0.4113620667976083,0.7528976404776476
0.7250000000000002,0.4113620667976083,0.6965673106064004
0.7500000000000002,0.4113620667976083,0.6339903113902794
0.7750000000000002,0.4113620667976083,0.5663218531744175
0.8000000000000003,0.4113620667976083,0.4952373210770543
0.8250000000000003,0.4113620667976083,0.4228992002528347
0.8500000000000003,0.4113620667976083,0.351871890867544
0.8750000000000003,0.4113620667976083,0.28498561469084915
0.9000000000000004,0.4113620667976083,0.22515748313282202
0.9250000000000004,0.4113620667976083,0.17518443426092112
0.9500000000000004,0.4113620667976083,0.13752801966895434
0.9750000000000004,0.4113620667976083,0.11411390969652924
0.0125,0.4330127018922193,0.9999991642261962
0.0375,0.4330127018922193,0.9999983229583823
0.0625,0.4330127018922193,0.999996694450483
0.0875,0.4330127018922193,0.9999935998782503
0.1125,0.4330127018922193,0.9999878275627204
0.1375,0.4330127018922193,0.9999772588932604
0.1625,0.4330127018922193,0.9999582659637224
0.1875,0.4330127018922193,0.9999247660397674
0.2125,0.4330127018922193,0.9998667760829685
0.2375000000000001,0.4330127018922193,0.9997682630880808
0.2625000000000001,0.4330127018922193,0.9996040384884135
0.2875000000000001,0.4330127018922193,0.9993354074431433
0.3125000000000001,0.4330127018922193,0.9989042721151614
0.3375000000000001,0.4330127018922193,0.9982254236212486
0.3625000000000001,0.4330127018922193,0.9971768664700723
0.3875000000000001,0.4330127018922193,0.995588229775793
0.4125000000000001,0.4330127018922193,0.9932276547234863
0.4375000000000001,0.4330127018922193,0.9897880180220601
0.4625000000000002,0.4330127018922193,0.9848739431260033
0.4875000000000001,0.4330127018922193,0.9779917171113083
0.5125000000000002,0.4330127018922193,0.9685448810507021
0.5375000000000001,0.4330127018922193,0.9558387614314323
0.5625000000000001,0.4330127018922193,0.9390973906480531
0.5875000000000001,0.4330127018922193,0.9174959445690735
0.6125000000000002,0.4330127018922193,0.8902108470991937
0.6375000000000002,0.4330127018922193,0.8564879681337846
0.6625000000000002,0.4330127018922193,0.8157269034832784
0.6875000000000002,0.4330127018922193,0.7675763614851016
0.7125000000000001,0.4330127018922193,0.7120325511646242
0.7375000000000002,0.4330127018922193,0.6495296812475548
0.7625000000000002,0.4330127018922193,0.5810098342550221
0.7875000000000002,0.4330127018922193,0.5079591534027822
0.8125000000000002,0.4330127018922193,0.4323989033068959
0.8375000000000002,0.4330127018922193,0.35682369532317504
0.8625000000000003,0.4330127018922193,0.28408479255957675
0.8875000000000003,0.4330127018922193,0.21722331664308847
0.9125000000000004,0.4330127018922193,0.15926541107598569
0.9375000000000002,0.4330127018922193,0.11299781215733518
0.9625000000000002,0.4330127018922193,0.0807466774532204
0.9875000000000004,0.4330127018922193,0.0641839986093602
0.025,0.4546633369868303,0.99999877150435
0.05,0.4546633369868303,0.9999975568446696
0.075,0.4546633369868303,0.9999952271995494
0.1,0.4546633369868303,0.9999908411654003
0.125,0.4546633369868303,0.999982735583822
0.15,0.4546633369868303,0.9999680325261562
0.175,0.4546633369868303,0.9999418553873339
0.2,0.4546633369868303,0.9998961143918591
0.2250000000000001,0.4546633369868303,0.999817675079641
0.2500000000000001,0.4546633369868303,0.9996856731936553
0.2750000000000001,0.4546633369868303,0.9994676937702908
0.3000000000000001,0.4546633369868303,0.9991145043763993
0.3250000000000001,0.4546633369868303,0.9985530416486057
0.3500000000000001,0.4546633369868303,0.9976774215945216
0.3750000000000001,0.4546633369868303,0.9963379060801137
0.4000000000000001,0.4546633369868303,0.9943280379804362
0.4250000000000001,0.4546633369868303,0.9913705743494389
0.4500000000000002,0.4546633369868303,0.9871034005961875
0.4750000000000001,0.4546633369868303,0.9810672687583388
0.5000000000000002,0.4546633369868303,0.9726978988478819
0.5250000000000001,0.4546633369868303,0.9613255973785853
0.5500000000000002,0.4546633369868303,0.9461859226845207
0.5750000000000002,0.4546633369868303,0.9264448773559428
0.6000000000000002,0.4546633369868303,0.901241453169074
0.6250000000000002,0.4546633369868303,0.8697489600961548
0.6500000000000002,0.4546633369868303,0.8312544032739637
0.6750000000000003,0.4546633369868303,0.7852523399797191
0.7000000000000002,0.4546633369868303,0.7315464367444724
0.7250000000000002,0.4546633369868303,0.6703488107787532
0.7500000000000002,0.4546633369868303,0.6023647638037326
0.7750000000000002,0.4546633369868303,0.5288493236308003
0.8000000000000003,0.4546633369868303,0.45162263922852985
0.8250000000000003,0.4546633369868303,0.37303404811993723
0.8500000000000003,0.4546633369868303,0.29586953083328926
0.8750000000000003,0.4546633369868303,0.2232038581653486
0.9000000000000004,0.4546633369868303,0.15820619836671757
0.9250000000000004,0.4546633369868303,0.10391516260997136
0.9500000000000004,0.4546633369868303,0.06300499608553356
0.9750000000000004,0.4546633369868303,0.03756775920643474
0.0125,0.4763139720814413,0.9999991160083818
0.0375,0.4763139720814413,0.9999982262057906
0.0625,0.4763139720814413,0.9999965037453274
0.0875,0.4763139720814413,0.9999932306397296
0.1125,0.4763139720814413,0.9999871253053398
0.1375,0.4763139720814413,0.9999759469037479
0.1625,0.4763139720814413,0.9999558582261159
0.1875,0.4763139720814413,0.999920425610432
0.2125,0.4763139720814413,0.99985909007261
0.2375000000000001,0.4763139720814413,0.9997548936245105
0.2625000000000001,0.4763139720814413,0.9995811945100394
0.2875000000000001,0.4763139720814413,0.9992970654893112
0.3125000000000001,0.4763139720814413,0.9988410569203182
0.3375000000000001,0.4763139720814413,0.9981230440130455
0.3625000000000001,0.4763139720814413,0.9970139930608691
0.3875000000000001,0.4763139720814413,0.9953337040690136
0.4125000000000001,0.4763139720814413,0.9928369417261047
0.4375000000000001,0.4763139720814413,0.9891988640547269
0.4625000000000002,0.4763139720814413,0.9840012842791043
0.4875000000000001,0.4763139720814413,0.9767220059811795
0.5125000000000002,0.4763139720814413,0.9667301590739156
0.5375000000000001,0.4763139720814413,0.9532909926475446
0.5625000000000001,0.4763139720814413,0.9355837716465554
0.5875000000000001,0.4763139720814413,0.9127360858381033
0.6125000000000002,0.4763139720814413,0.8838768450277654
0.6375000000000002,0.4763139720814413,0.8482084115191456
0.6625000000000002,0.4763139720814413,0.8050957423511768
0.6875000000000002,0.4763139720814413,0.7541672789946633
0.7125000000000001,0.4763139720814413,0.6954190117644693
0.7375000000000002,0.4763139720814413,0.6293101999390711
0.7625000000000002,0.4763139720814413,0.5568372770613754
0.7875000000000002,0.4763139720814413,0.4795721255477635
0.8125000000000002,0.4763139720814413,0.3996526216642341
0.8375000000000002,0.4763139720814413,0.3197172969361022
0.8625000000000003,0.4763139720814413,0.2427819107439969
0.8875000000000003,0.4763139720814413,0.17206303438525883
0.9125000000000004,0.4763139720814413,0.11076139690823472
0.9375000000000002,0.4763139720814413,0.0618245081768144
0.9625000000000002,0.4763139720814413,0.027712727419565986
0.9875000000000004,0.4763139720814413,0.010194507528766494
0.025,0.4979646071760522,0.9999987349720308
0.05,0.4979646071760522,0.9999974841914777
0.075,0.4979646071760522,0.9999950852686689
0.1,0.4979646071760522,0.9999905688050802
0.125,0.4979646071760522,0.9999822221842334
0.15,0.4979646071760522,0.9999670818952312
0.175,0.4979646071760522,0.9999401263152405
0.2,0.4979646071760522,0.9998930250995289
0.2250000000000001,0.4979646071760522,0.9998122532027505
0.2500000000000001,0.4979646071760522,0.9996763259182303
0.2750000000000001,0.4979646071760522,0.9994518643442313
0.3000000000000001,0.4979646071760522,0.9990881720009406
0.3250000000000001,0.4979646071760522,0.9985100128073935
0.3500000000000001,0.4979646071760522,0.9976083540520342
0.3750000000000001,0.4979646071760522,0.9962290047716337
0.4000000000000001,0.4979646071760522,0.9941593683343014
0.4250000000000001,0.4979646071760522,0.9911139572977368
0.4500000000000002,0.4979646071760522,0.9867198887090697
0.4750000000000001,0.4979646071760522,0.9805042577459444
0.5000000000000002,0.4979646071760522,0.9718860041764822
0.5250000000000001,0.4979646071760522,0.9601755195427093
0.5500000000000002,0.4979646071760522,0.9445856296383812
0.5750000000000002,0.4979646071760522,0.9242575361034828
0.6000000000000002,0.4979646071760522,0.8983046265314293
0.6250000000000002,0.4979646071760522,0.8658756272470454
0.6500000000000002,0.4979646071760522,0.8262363407431461
0.6750000000000003,0.4979646071760522,0.778866293722891
0.7000000000000002,0.4979646071760522,0.7235633142620286
0.7250000000000002,0.4979646071760522,0.6605458273945036
0.7500000000000002,0.4979646071760522,0.5905401087110795
0.7750000000000002,0.4979646071760522,0.5148385073409025
0.8000000000000003,0.4979646071760522,0.43531529882839126
0.8250000000000003,0.4979646071760522,0.35438968398677617
0.8500000000000003,0.4979646071760522,0.2749304912809324
0.8750000000000003,0.4979646071760522,0.20010392732832227
0.9000000000000004,0.4979646071760522,0.13317340333913186
0.9250000000000004,0.4979646071760522,0.0772678910118797
0.9500000000000004,0.4979646071760522,0.035141160750379874
0.9750000000000004,0.4979646071760522,0.008947485494534835
0.0125,0.5196152422706632,0.9999991137795571
0.0375,0.5196152422706632,0.9999982217334901
0.0625,0.5196152422706632,0.999996494930155
0.0875,0.5196152422706632,0.9999932135720145
0.1125,0.5196152422706632,0.9999870928441307
0.1375,0.5196152422706632,0.9999758862582253
0.1625,0.5196152422706632,0.9999557469306336
0.1875,0.5196152422706632,0.9999202249780315
0.2125,0.5196152422706632,0.9998587347937677
0.2375000000000001,0.5196152422706632,0.9997542756332097
0.2625000000000001,0.5196152422706632,0.9995801385679041
0.2875000000000001,0.5196152422706632,0.9992952931673481
0.3125000000000001,0.5196152422706632,0.9988381348553992
0.3375000000000001,0.5196152422706632,0.9981183116087193
0.3625000000000001,0.5196152422706632,0.9970064643855805
0.3875000000000001,0.5196152422706632,0.9953219388495813
0.4125000000000001,0.5196152422706632,0.9928188813729585
0.4375000000000001,0.5196152422706632,0.9891716309481273
0.4625000000000002,0.5196152422706632,0.9839609464171525
0.4875000000000001,0.5196152422706632,0.9766633147383555
0.5125000000000002,0.5196152422706632,0.966646275200119
0.5375000000000001,0.5196152422706632,0.9531732243514287
0.5625000000000001,0.5196152422706632,0.9354213578020872
0.5875000000000001,0.5196152422706632,0.912516065694971
0.6125000000000002,0.5196152422706632,0.8835840615396152
0.6375000000000002,0.5196152422706632,0.8478256965407426
0.6625000000000002,0.5196152422706632,0.8046043265915601
0.6875000000000002,0.5196152422706632,0.7535474563453852
0.7125000000000001,0.5196152422706632,0.6946510660073877
0.7375000000000002,0.5196152422706632,0.6283755727950746
0.7625000000000002,0.5196152422706632,0.5557199225779292
0.7875000000000002,0.5196152422706632,0.47825996098894497
0.8125000000000002,0.5196152422706632,0.39813895456163906
0.8375000000000002,0.5196152422706632,0.31800208740033853
0.8625000000000003,0.5196152422706632,0.24087272257634973
0.8875000000000003,0.5196152422706632,0.16997554138854176
0.9125000000000004,0.5196152422706632,0.10851934294343046
0.9375000000000002,0.5196152422706632,0.059459068716796626
0.9625000000000002,0.5196152422706632,0.025261281287067505
0.9875000000000004,0.5196152422706632,0.0076988923799591324
0.025,0.5412658773652742,0.9999987653016822
0.05,0.5412658773652742,0.9999975445091916
0.075,0.5412658773652742,0.9999952031017059
0.1,0.5412658773652742,0.9999907949224942
0.125,0.5412658773652742,0.9999826484158788
0.15,0.5412658773652742,0.9999678711225549
0.175,0.5412658773652742,0.9999415618155014
0.2,0.5412658773652742,0.9998955898739895
0.2250000000000001,0.5412658773652742,0.9998167545221115
0.2500000000000001,0.5412658773652742,0.9996840861593226
0.2750000000000001,0.5412658773652742,0.999465006159037
0.3000000000000001,0.5412658773652742,0.99911003351382
0.3250000000000001,0.5412658773652742,0.9985457359637727
0.3500000000000001,0.5412658773652742,0.997665694908806
0.3750000000000001,0.5412658773652742,0.9963194161878638
0.4000000000000001,0.5412658773652742,0.9942994002751011
0.4250000000000001,0.5412658773652742,0.9913270044263435
0.4500000000000002,0.5412658773652742,0.9870382857360602
0.4750000000000001,0.5412658773652742,0.9809716775014479
0.5000000000000002,0.5412658773652742,0.9725600506879106
0.5250000000000001,0.5412658773652742,0.9611303305304534
0.5500000000000002,0.5412658773652742,0.9459142157013416
0.5750000000000002,0.5412658773652742,0.9260734979424516
0.6000000000000002,0.5412658773652742,0.9007428218041752
0.6250000000000002,0.5412658773652742,0.8690913233053064
0.6500000000000002,0.5412658773652742,0.8304024076754438
0.6750000000000003,0.5412658773652742,0.7841680802142523
0.7000000000000002,0.5412658773652742,0.7301910161661684
0.7250000000000002,0.5412658773652742,0.6686844037203614
0.7500000000000002,0.5412658773652742,0.6003571056625507
0.7750000000000002,0.5412658773652742,0.5264704864327079
0.8000000000000003,0.5412658773652742,0.44885388492163225
0.8250000000000003,0.5412658773652742,0.3698685004446941
0.8500000000000003,0.5412658773652742,0.292314379930669
0.8750000000000003,0.5412658773652742,0.21928181867732088
0.9000000000000004,0.5412658773652742,0.15395598604848304
0.9250000000000004,0.5412658773652742,0.09939083514798619
0.9500000000000004,0.5412658773652742,0.05827411341565092
0.9750000000000004,0.5412658773652742,0.03270844406613527
0.0125,0.5629165124598852,0.9999991578884871
0.0375,0.5629165124598852,0.9999983102413029
0.0625,0.5629165124598852,0.9999966693843575
0.0875,0.5629165124598852,0.9999935513458492
0.1125,0.5629165124598852,0.9999877352586
0.1375,0.5629165124598852,0.9999770864464604
0.1625,0.5629165124598852,0.9999579494927129
0.1875,0.5629165124598852,0.9999241955373797
0.2125,0.5629165124598852,0.9998657658402199
0.2375000000000001,0.5629165124598852,0.9997665058170138
0.2625000000000001,0.5629165124598852,0.9996010358950752
0.2875000000000001,0.5629165124598852,0.9993303678089226
0.3125000000000001,0.5629165124598852,0.9988959631630251
0.3375000000000001,0.5629165124598852,0.9982119669315016
0.3625000000000001,0.5629165124598852,0.9971554585259109
0.3875000000000001,0.5629165124598852,0.9955547751305872
0.4125000000000001,0.5629165124598852,0.9931762997351431
0.4375000000000001,0.5629165124598852,0.9897105801192323
0.4625000000000002,0.5629165124598852,0.9847592415798289
0.4875000000000001,0.5629165124598852,0.9778248273463809
0.5125000000000002,0.5629165124598852,0.9683063555176671
0.5375000000000001,0.5629165124598852,0.9555038848415192
0.5625000000000001,0.5629165124598852,0.9386355635164402
0.5875000000000001,0.5629165124598852,0.9168703127337294
0.6125000000000002,0.5629165124598852,0.88937831118479
0.6375000000000002,0.5629165124598852,0.8553997101636588
0.6625000000000002,0.5629165124598852,0.8143295525897238
0.6875000000000002,0.5629165124598852,0.7658138829404785
0.7125000000000001,0.5629165124598852,0.7098488814941674
0.7375000000000002,0.5629165124598852,0.6468720496001231
0.7625000000000002,0.5629165124598852,0.5778326136321452
0.7875000000000002,0.5629165124598852,0.5042279862945356
0.8125000000000002,0.5629165124598852,0.42809475954071863
0.8375000000000002,0.5629165124598852,0.351946461472754
0.8625000000000003,0.5629165124598852,0.27865597645057216
0.8875000000000003,0.5629165124598852,0.2112874870585285
0.9125000000000004,0.5629165124598852,0.15289008417649685
0.9375000000000002,0.5629165124598852,0.10627163604592282
0.9625000000000002,0.5629165124598852,0.07377593958673467
0.9875000000000004,0.5629165124598852,0.05708766522991238
0.025,0.5845671475544961,0.9999988577640903
0.05,0.5845671475544961,0.9999977283926471
0.075,0.5845671475544961,0.9999955623253001
0.1,0.5845671475544961,0.9999914842598168
0.125,0.5845671475544961,0.999983947817707
0.15,0.5845671475544961,0.999970277146224
0.175,0.5845671475544961,0.9999459380547684
0.2,0.5845671475544961,0.9999034087974765
0.2250000000000001,0.5845671475544961,0.9998304771601898
0.2500000000000001,0.5845671475544961,0.9997077438852838
0.2750000000000001,0.5845671475544961,0.999505070050044
0.3000000000000001,0.5845671475544961,0.9991766801134107
0.3250000000000001,0.5845671475544961,0.9986546409106742
0.3500000000000001,0.5845671475544961,0.997840503173107
0.3750000000000001,0.5845671475544961,0.9965950427416683
0.4000000000000001,0.5845671475544961,0.9947262990327417
0.4250000000000001,0.5845671475544961,0.9919764959209391
0.4500000000000002,0.5845671475544961,0.9880089449619657
0.4750000000000001,0.5845671475544961,0.9823966446323859
0.5000000000000002,0.5845671475544961,0.9746149362852777
0.5250000000000001,0.5845671475544961,0.9640411494630599
0.5500000000000002,0.5845671475544961,0.9499645183427045
0.5750000000000002,0.5845671475544961,0.9316096052659029
0.6000000000000002,0.5845671475544961,0.9081758583448091
0.6250000000000002,0.5845671475544961,0.878894634209813
0.6500000000000002,0.5845671475544961,0.8431030014648913
0.6750000000000003,0.5845671475544961,0.800331007425799
0.7000000000000002,0.5845671475544961,0.7503961043248456
0.7250000000000002,0.5845671475544961,0.6934955154040912
0.7500000000000002,0.5845671475544961,0.6302850190972278
0.7750000000000002,0.5845671475544961,0.5619315204998877
0.8000000000000003,0.5845671475544961,0.4901273654604761
0.8250000000000003,0.5845671475544961,0.4170569310119864
0.8500000000000003,0.5845671475544961,0.3453105779777115
0.8750000000000003,0.5845671475544961,0.27774717982490216
0.9000000000000004,0.5845671475544961,0.217313379286877
0.9250000000000004,0.5845671475544961,0.1668344291817364
0.9500000000000004,0.5845671475544961,0.1287968005751856
0.9750000000000004,0.5845671475544961,0.10514565829479328
0.0125,0.6062177826491071,0.9999992415417671
0.0375,0.6062177826491071,0.9999984780977627
0.0625,0.6062177826491071,0.9999970002394976
0.0875,0.6062177826491071,0.9999941919392413
0.1125,0.6062177826491071,0.9999889536077491
0.1375,0.6062177826491071,0.999979362622333
0.1625,0.6062177826491071,0.999962126686353
0.1875,0.6062177826491071,0.9999317257656595
0.2125,0.6062177826491071,0.9998791003304484
0.2375000000000001,0.6062177826491071,0.9997897005530372
0.2625000000000001,0.6062177826491071,0.9996406680048701
0.2875000000000001,0.6062177826491071,0.9993968874185598
0.3125000000000001,0.6062177826491071,0.9990056354583527
0.3375000000000001,0.6062177826491071,0.9983895857248032
0.3625000000000001,0.6062177826491071,0.9974380282574364
0.3875000000000001,0.6062177826491071,0.9959963528011403
0.4125000000000001,0.6062177826491071,0.9938541492829223
0.4375000000000001,0.6062177826491071,0.9907327057024748
0.4625000000000002,0.6062177826491071,0.9862732209168363
0.4875000000000001,0.6062177826491071,0.9800276542836361
0.5125000000000002,0.6062177826491071,0.9714547239608811
0.5375000000000001,0.6062177826491071,0.9599240191333853
0.5625000000000001,0.6062177826491071,0.9447313552285023
0.5875000000000001,0.6062177826491071,0.9251282107558161
0.6125000000000002,0.6062177826491071,0.9003671968080571
0.6375000000000002,0.6062177826491071,0.8697639461748914
0.6625000000000002,0.6062177826491071,0.8327735967194478
0.6875000000000002,0.6062177826491071,0.7890773539874893
0.7125000000000001,0.6062177826491071,0.7386717776989953
0.7375000000000002,0.6062177826491071,0.681950908898729
0.7625000000000002,0.6062177826491071,0.6197696801546013
0.7875000000000002,0.6062177826491071,0.5534767548875259
0.8125000000000002,0.6062177826491071,0.48490641503128196
0.8375000000000002,0.6062177826491071,0.41632250100805135
0.8625000000000003,0.6062177826491071,0.3503125119338917
0.8875000000000003,0.6062177826491071,0.2896362420556732
0.9125000000000004,0.6062177826491071,0.23703989308847062
0.9375000000000002,0.6062177826491071,0.19505240657064904
0.9625000000000002,0.6062177826491071,0.16578475241910395
0.9875000000000004,0.6062177826491071,0.15075425006089171
0.025,0.627868417743718,0.9999989984215155
0.05,0.627868417743718,0.9999980081233392
0.075,0.627868417743718,0.9999961087902571
0.1,0.627868417743718,0.9999925329066665
0.125,0.627868417743718,0.9999859245185022
0.15,0.627868417743718,0.9999739372833706
0.175,0.627868417743718,0.999952595360808
0.2,0.627868417743718,0.9999153032491687
0.2250000000000001,0.627868417743718,0.999851352573024
0.2500000000000001,0.627868417743718,0.9997437329417134
0.2750000000000001,0.627868417743718,0.9995660168053067
0.3000000000000001,0.627868417743718,0.9992780655228719
0.3250000000000001,0.627868417743718,0.9988203113680084
0.3500000000000001,0.627868417743718,0.9981064283300125
0.3750000000000001,0.627868417743718,0.997014336616937
0.4000000000000001,0.627868417743718,0.9953757140907895
0.4250000000000001,0.627868417743718,0.9929645277414006
0.4500000000000002,0.627868417743718,0.9894855496750364
0.4750000000000001,0.627868417743718,0.9845643602686857
0.5000000000000002,0.627868417743718,0.9777409084873789
0.5250000000000001,0.627868417743718,0.9684692008739687
0.5500000000000002,0.627868417743718,0.9561259968616155
0.5750000000000002,0.627868417743718,0.9400313478792779
0.6000000000000002,0.627868417743718,0.9194832837474667
0.6250000000000002,0.627868417743718,0.8938078135202855
0.6500000000000002,0.627868417743718,0.8624236406220591
0.6750000000000003,0.627868417743718,0.8249186833687402
0.7000000000000002,0.627868417743718,0.7811328733235458
0.7250000000000002,0.627868417743718,0.7312391472276543
0.7500000000000002,0.627868417743718,0.6758125295258179
0.7750000000000002,0.627868417743718,0.6158762300709694
0.8000000000000003,0.627868417743718,0.5529141955466379
0.8250000000000003,0.627868417743718,0.48884181402597937
0.8500000000000003,0.627868417743718,0.4259304636415978
0.8750000000000003,0.627868417743718,0.3666869699364851
0.9000000000000004,0.627868417743718,0.3136951196205361
0.9250000000000004,0.627868417743718,0.26943225770777646
0.9500000000000004,0.627868417743718,0.23607866578492986
0.9750000000000004,0.627868417743718,0.21533997683328654
0.0125,0.649519052838329,0.999999352517613
0.0375,0.649519052838329,0.9999987007789608
0.0625,0.649519052838329,0.9999974391574824
0.0875,0.649519052838329,0.9999950417611927
0.1125,0.649519052838329,0.9999905698901896
0.1375,0.649519052838329,0.9999823822354686
0.1625,0.649519052838329,0.9999676682215821
0.1875,0.649519052838329,0.9999417154929476
0.2125,0.649519052838329,0.9998967900891065
0.2375000000000001,0.649519052838329,0.9998204710793465
0.2625000000000001,0.649519052838329,0.999693244627251
0.2875000000000001,0.649519052838329,0.9994851334497437
0.3125000000000001,0.649519052838329,0.9991511285670204
0.3375000000000001,0.649519052838329,0.9986252177986833
0.3625000000000001,0.649519052838329,0.997812890008366
0.3875000000000001,0.649519052838329,0.9965821571541451
0.4125000000000001,0.649519052838329,0.9947533958758806
0.4375000000000001,0.649519052838329,0.9920886746653778
0.4625000000000002,0.649519052838329,0.9882816913290002
0.4875000000000001,0.649519052838329,0.9829499614898494
0.5125000000000002,0.649519052838329,0.9756314024070245
0.5375000000000001,0.649519052838329,0.9657878435106398
0.5625000000000001,0.649519052838329,0.9528181348780781
0.5875000000000001,0.649519052838329,0.9360832769437143
0.6125000000000002,0.649519052838329,0.9149452370081363
0.6375000000000002,0.649519052838329,0.8888197828806447
0.6625000000000002,0.649519052838329,0.8572417753858862
0.6875000000000002,0.649519052838329,0.8199390653332375
0.7125000000000001,0.649519052838329,0.7769087158164544
0.7375000000000002,0.649519052838329,0.7284871127104467
0.7625000000000002,0.649519052838329,0.6754040968367917
0.7875000000000002,0.649519052838329,0.6188109983191703
0.8125000000000002,0.649519052838329,0.5602737112219824
0.8375000000000002,0.649519052838329,0.5017248360983728
0.8625000000000003,0.649519052838329,0.4453732752075097
0.8875000000000003,0.649519052838329,0.3935750161162752
0.9125000000000004,0.649519052838329,0.34867444268741754
0.9375000000000002,0.649519052838329,0.3128304676110826
0.9625000000000002,0.649519052838329,0.2878451885921659
0.9875000000000004,0.649519052838329,0.27501391440565615
0.025,0.67116968793294,0.9999991675687261
0.05,0.67116968793294,0.9999983445127347
0.075,0.67116968793294,0.99999676594023
0.1,0.67116968793294,0.9999937939541315
0.125,0.67116968793294,0.9999883015947577
0.15,0.67116968793294,0.9999783387715089
0.175,0.67116968793294,0.9999606010863842
0.2,0.67116968793294,0.9999296068902449
0.2250000000000001,0.67116968793294,0.9998764562449063
0.2500000000000001,0.67116968793294,0.9997870114852869
0.2750000000000001,0.67116968793294,0.9996393081628744
0.3000000000000001,0.67116968793294,0.9993999862759119
0.3250000000000001,0.67116968793294,0.999019537933468
0.3500000000000001,0.67116968793294,0.9984262159163575
0.3750000000000001,0.67116968793294,0.997518557345437
0.4000000000000001,0.67116968793294,0.9961566664322897
0.4250000000000001,0.67116968793294,0.9941526827650704
0.4500000000000002,0.67116968793294,0.991261236724255
0.4750000000000001,0.67116968793294,0.9871711409105822
0.5000000000000002,0.67116968793294,0.9815000380000736
0.5250000000000001,0.67116968793294,0.9737941422574166
0.5500000000000002,0.67116968793294,0.963535466378556
0.5750000000000002,0.67116968793294,0.9501588919390029
0.6000000000000002,0.67116968793294,0.9330809979290421
0.6250000000000002,0.67116968793294,0.9117416174218113
0.6500000000000002,0.67116968793294,0.8856576235765501
0.6750000000000003,0.67116968793294,0.8544865273257505
0.7000000000000002,0.67116968793294,0.8180952926919022
0.7250000000000002,0.67116968793294,0.7766276507494911
0.7500000000000002,0.67116968793294,0.7305615154498082
0.7750000000000002,0.67116968793294,0.6807472963159229
0.8000000000000003,0.67116968793294,0.6284183301729093
0.8250000000000003,0.67116968793294,0.5751665331395541
0.8500000000000003,0.67116968793294,0.5228796915667431
0.8750000000000003,0.67116968793294,0.4736412767075371
0.9000000000000004,0.67116968793294,0.4295987237311505
0.9250000000000004,0.67116968793294,0.3928110020521347
0.9500000000000004,0.67116968793294,0.3650901859180238
0.9750000000000004,0.67116968793294,0.34785385992888107
0.0125,0.6928203230275509,0.9999994760878471
0.0375,0.6928203230275509,0.9999989487317258
0.0625,0.6928203230275509,0.9999979278872394
0.0875,0.6928203230275509,0.9999959880274433
0.1125,0.6928203230275509,0.9999923696007319
0.1375,0.6928203230275509,0.9999857445374137
0.1625,0.6928203230275509,0.9999738386526417
0.1875,0.6928203230275509,0.999952838930946
0.2125,0.6928203230275509,0.9999164874169677
0.2375000000000001,0.6928203230275509,0.9998547336804868
0.2625000000000001,0.6928203230275509,0.9997517880471408
0.2875000000000001,0.6928203230275509,0.9995833943159472
0.3125000000000001,0.6928203230275509,0.9993131333472075
0.3375000000000001,0.6928203230275509,0.9988875912037438
0.3625000000000001,0.6928203230275509,0.9982302939398378
0.3875000000000001,0.6928203230275509,0.9972344430686485
0.4125000000000001,0.6928203230275509,0.995754695854693
0.4375000000000001,0.6928203230275509,0.9935985293642521
0.4625000000000002,0.6928203230275509,0.990518098335591
0.4875000000000001,0.6928203230275509,0.9862039144840309
0.5125000000000002,0.6928203230275509,0.9802820822899151
0.5375000000000001,0.6928203230275509,0.9723171395576654
0.5625000000000001,0.6928203230275509,0.9618226641753665
0.5875000000000001,0.6928203230275509,0.9482816078884481
0.6125000000000002,0.6928203230275509,0.931177704784793
0.6375000000000002,0.6928203230275509,0.9100382217817592
0.6625000000000002,0.6928203230275509,0.8844867902373531
0.6875000000000002,0.6928203230275509,0.8543031998860844
0.7125000000000001,0.6928203230275509,0.8194850743221946
0.7375000000000002,0.6928203230275509,0.7803046011007947
0.7625000000000002,0.6928203230275509,0.7373523329283506
0.7875000000000002,0.6928203230275509,0.6915598717384273
0.8125000000000002,0.6928203230275509,0.6441942650164926
0.8375000000000002,0.6928203230275509,0.5968192818111333
0.8625000000000003,0.6928203230275509,0.551222261455675
0.8875000000000003,0.6928203230275509,0.5093095577643869
0.9125000000000004,0.6928203230275509,0.47297813538245015
0.9375000000000002,0.6928203230275509,0.4439748844460384
0.9625000000000002,0.6928203230275509,0.4237579772654413
0.9875000000000004,0.6928203230275509,0.4133755164955991
0.025,0.7144709581221619,0.9999993442383519
0.05,0.7144709581221619,0.9999986958622394
0.075,0.7144709581221619,0.9999974523153669
0.1,0.7144709581221619,0.9999951110836481
0.125,0.7144709581221619,0.9999907843857602
0.15,0.7144709581221619,0.9999829360052416
0.175,0.7144709581221619,0.9999689628473426
0.2,0.7144709581221619,0.9999445466513416
0.2250000000000001,0.7144709581221619,0.999902676342193
0.2500000000000001,0.7144709581221619,0.9998322147379523
0.2750000000000001,0.7144709581221619,0.9997158589772217
0.3000000000000001,0.7144709581221619,0.9995273291610863
0.3250000000000001,0.7144709581221619,0.9992276246210618
0.3500000000000001,0.7144709581221619,0.9987602252861554
0.3750000000000001,0.7144709581221619,0.9980452020776178
0.4000000000000001,0.7144709581221619,0.9969723497501074
0.4250000000000001,0.7144709581221619,0.9953936781245654
0.4500000000000002,0.7144709581221619,0.9931158931824582
0.4750000000000001,0.7144709581221619,0.9898938518492807
0.5000000000000002,0.7144709581221619,0.9854263457529004
0.5250000000000001,0.7144709581221619,0.9793558975964055
0.5500000000000002,0.7144709581221619,0.9712744542241345
0.5750000000000002,0.7144709581221619,0.9607368341526223
0.6000000000000002,0.7144709581221619,0.9472834377310096
0.6250000000000002,0.7144709581221619,0.9304729841008392
0.6500000000000002,0.7144709581221619,0.9099248820190178
0.6750000000000003,0.7144709581221619,0.8853693299987477
0.7000000000000002,0.7144709581221619,0.8567015267253739
0.7250000000000002,0.7144709581221619,0.8240346987549368
0.7500000000000002,0.7144709581221619,0.7877453307897295
0.7750000000000002,0.7144709581221619,0.7485033471440667
0.8000000000000003,0.7144709581221619,0.7072803295141122
0.8250000000000003,0.7144709581221619,0.6653303364274278
0.8500000000000003,0.7144709581221619,0.6241405031316596
0.8750000000000003,0.7144709581221619,0.5853521189265369
0.9000000000000004,0.7144709581221619,0.5506568617557399
0.9250000000000004,0.7144709581221619,0.5216767191862235
0.9500000000000004,0.7144709581221619,0.4998391829908758
0.9750000000000004,0.7144709581221619,0.4862609791298592
0.0125,0.7361215932167728,0.9999995981877154
0.0375,0.7361215932167728,0.9999991937340933
0.0625,0.7361215932167728,0.9999984108015864
0.0875,0.7361215932167728,0.9999969230340433
0.1125,0.7361215932167728,0.9999941478964643
0.1375,0.7361215932167728,0.9999890668312271
0.1625,0.7361215932167728,0.9999799356615569
0.1875,0.7361215932167728,0.9999638300108217
0.2125,0.7361215932167728,0.9999359503657334
0.2375000000000001,0.7361215932167728,0.9998885885899077
0.2625000000000001,0.7361215932167728,0.9998096348571197
0.2875000000000001,0.7361215932167728,0.9996804859731535
0.3125000000000001,0.7361215932167728,0.9994732104276511
0.3375000000000001,0.7361215932167728,0.99914684261978
0.3625000000000001,0.7361215932167728,0.9986427311693967
0.3875000000000001,0.7361215932167728,0.9978789674134709
0.4125000000000001,0.7361215932167728,0.9967440813349943
0.4375000000000001,0.7361215932167728,0.9950904182567324
0.4625000000000002,0.7361215932167728,0.9927278942680642
0.4875000000000001,0.7361215932167728,0.9894191485938376
0.5125000000000002,0.7361215932167728,0.9848774235932467
0.5375000000000001,0.7361215932167728,0.9787687433149912
0.5625000000000001,0.7361215932167728,0.9707200483081936
0.5875000000000001,0.7361215932167728,0.9603347905270265
0.6125000000000002,0.7361215932167728,0.94721702194001
0.6375000000000002,0.7361215932167728,0.9310041818413246
0.6625000000000002,0.7361215932167728,0.9114076158390952
0.6875000000000002,0.7361215932167728,0.8882584345701346
0.7125000000000001,0.7361215932167728,0.8615548154597582
0.7375000000000002,0.7361215932167728,0.8315055116410123
0.7625000000000002,0.7361215932167728,0.7985634450987157
0.7875000000000002,0.7361215932167728,0.7634431041286489
0.8125000000000002,0.7361215932167728,0.7271162456217624
0.8375000000000002,0.7361215932167728,0.6907821958592322
0.8625000000000003,0.7361215932167728,0.6558117474384524
0.8875000000000003,0.7361215932167728,0.6236669706266018
0.9125000000000004,0.7361215932167728,0.5958027347059975
0.9375000000000002,0.7361215932167728,0.5735588099275816
0.9625000000000002,0.7361215932167728,0.5580535355856336
0.9875000000000004,0.7361215932167728,0.5500907497280909
0.025,0.7577722283113838,0.9999995103589019
0.05,0.7577722283113838,0.9999990262324014
0.075,0.7577722283113838,0.9999980977065291
0.1,0.7577722283113838,0.9999963495663732
0.125,0.7577722283113838,0.9999931189274489
0.15,0.7577722283113838,0.9999872587346988
0.175,0.7577722283113838,0.9999768253212803
0.2,0.7577722283113838,0.9999585943480939
0.2250000000000001,0.7577722283113838,0.9999273308177977
0.2500000000000001,0.7577722283113838,0.999874718870485
0.2750000000000001,0.7577722283113838,0.9997878388850082
0.3000000000000001,0.7577722283113838,0.9996470683070418
0.3250000000000001,0.7577722283113838,0.9994232862964122
0.3500000000000001,0.7577722283113838,0.9990742907058756
0.3750000000000001,0.7577722283113838,0.9985404004576988
0.4000000000000001,0.7577722283113838,0.9977393280050113
0.4250000000000001,0.7577722283113838,0.9965605727200265
0.4500000000000002,0.7577722283113838,0.9948598067119939
0.4750000000000001,0.7577722283113838,0.9924539876749804
0.5000000000000002,0.7577722283113838,0.9891182107238987
0.5250000000000001,0.7577722283113838,0.9845855563511204
0.5500000000000002,0.7577722283113838,0.9785513412988935
0.5750000000000002,0.7577722283113838,0.9706831595000401
0.6000000000000002,0.7577722283113838,0.9606378391963161
0.6250000000000002,0.7577722283113838,0.9480858868213246
0.6500000000000002,0.7577722283113838,0.9327431242521701
0.6750000000000003,0.7577722283113838,0.914408097352784
0.7000000000000002,0.7577722283113838,0.8930025535584633
0.7250000000000002,0.7577722283113838,0.8686110363544859
0.7500000000000002,0.7577722283113838,0.8415146576107072
0.7750000000000002,0.7577722283113838,0.8122136333399208
0.8000000000000003,0.7577722283113838,0.7814334197045212
0.8250000000000003,0.7577722283113838,0.7501103913711122
0.8500000000000003,0.7577722283113838,0.7193549556620833
0.8750000000000003,0.7577722283113838,0.6903926229400342
0.9000000000000004,0.7577722283113838,0.664486527529002
0.9250000000000004,0.7577722283113838,0.642847767662333
0.9500000000000004,0.7577722283113838,0.6265422163463821
0.9750000000000004,0.7577722283113838,0.6164037053965334
0.0125,0.7794228634059948,0.9999997079063121
0.0375,0.7794228634059948,0.9999994138925284
0.0625,0.7794228634059948,0.9999988447470539
0.0875,0.7794228634059948,0.9999977632283321
0.1125,0.7794228634059948,0.9999957458679849
0.1375,0.7794228634059948,0.9999920522350603
0.1625,0.7794228634059948,0.9999854144165402
0.1875,0.7794228634059948,0.9999737065641414
0.2125,0.7794228634059948,0.9999534397164994
0.2375000000000001,0.7794228634059948,0.9999190105158523
0.2625000000000001,0.7794228634059948,0.999861615837114
0.2875000000000001,0.7794228634059948,0.9997677322619757
0.3125000000000001,0.7794228634059948,0.9996170552398219
0.3375000000000001,0.7794228634059948,0.9993798052096861
0.3625000000000001,0.7794228634059948,0.9990133460984905
0.3875000000000001,0.7794228634059948,0.9984581351685519
0.4125000000000001,0.7794228634059948,0.9976331403319725
0.4375000000000001,0.7794228634059948,0.9964310254000144
0.4625000000000002,0.7794228634059948,0.9947136106489564
0.4875000000000001,0.7794228634059948,0.9923083488799024
0.5125000000000002,0.7794228634059948,0.9890067843037639
0.5375000000000001,0.7794228634059948,0.9845661362215882
0.5625000000000001,0.7794228634059948,0.9787152125493869
0.5875000000000001,0.7794228634059948,0.9711657463884225
0.6125000000000002,0.7794228634059948,0.9616299070147835
0.6375000000000002,0.7794228634059948,0.949844134309159
0.6625000000000002,0.7794228634059948,0.9355985936569835
0.6875000000000002,0.7794228634059948,0.9187705125128667
0.7125000000000001,0.7794228634059948,0.8993585659731617
0.7375000000000002,0.7794228634059948,0.8775145051784887
0.7625000000000002,0.7794228634059948,0.8535675775360861
0.7875000000000002,0.7794228634059948,0.8280371736402998
0.8125000000000002,0.7794228634059948,0.8016297030882241
0.8375000000000002,0.7794228634059948,0.7752170049200142
0.8625000000000003,0.7794228634059948,0.7497955640131557
0.8875000000000003,0.7794228634059948,0.7264282186947857
0.9125000000000004,0.7794228634059948,0.7061725726033419
0.9375000000000002,0.7794228634059948,0.6900025592112604
0.9625000000000002,0.7794228634059948,0.6787311448248712
0.9875000000000004,0.7794228634059948,0.6729426720064556
0.025,0.8010734985006057,0.9999996534675275
0.05,0.8010734985006057,0.9999993108378876
0.075,0.8010734985006057,0.9999986536945893
0.1,0.8010734985006057,0.9999974164877192
0.125,0.8010734985006057,0.9999951300756958
0.15,0.8010734985006057,0.9999909826561054
0.175,0.8010734985006057,0.9999835986424642
0.2,0.8010734985006057,0.9999706960813082
0.2250000000000001,0.8010734985006057,0.9999485700210327
0.2500000000000001,0.8010734985006057,0.9999113350988589
0.2750000000000001,0.8010734985006057,0.9998498477435545
0.3000000000000001,0.8010734985006057,0.9997502205337163
0.3250000000000001,0.8010734985006057,0.999591843849802
0.3500000000000001,0.8010734985006057,0.9993448500714622
0.3750000000000001,0.8010734985006057,0.9989670012584924
0.4000000000000001,0.8010734985006057,0.998400060250702
0.4250000000000001,0.8010734985006057,0.9975658227145523
0.4500000000000002,0.8010734985006057,0.9963621438321058
0.4750000000000001,0.8010734985006057,0.9946594795289834
0.5000000000000002,0.8010734985006057,0.9922986584321333
0.5250000000000001,0.8010734985006057,0.9890907742645437
0.5500000000000002,0.8010734985006057,0.9848201943045711
0.5750000000000002,0.8010734985006057,0.9792516656358418
0.6000000000000002,0.8010734985006057,0.9721423161663101
0.6250000000000002,0.8010734985006057,0.9632589542365118
0.6500000000000002,0.8010734985006057,0.9524004591727225
0.6750000000000003,0.8010734985006057,0.9394242563419701
0.7000000000000002,0.8010734985006057,0.9242749642519236
0.7250000000000002,0.8010734985006057,0.9070124166524325
0.7500000000000002,0.8010734985006057,0.8878355641456095
0.7750000000000002,0.8010734985006057,0.8670984233618533
0.8000000000000003,0.8010734985006057,0.8453144195805329
0.8250000000000003,0.8010734985006057,0.8231462509076344
0.8500000000000003,0.8010734985006057,0.8013797831463085
0.8750000000000003,0.8010734985006057,0.7808823436871044
0.9000000000000004,0.8010734985006057,0.7625478874329041
0.9250000000000004,0.8010734985006057,0.7472335419139866
0.9500000000000004,0.8010734985006057,0.7356936547731554
0.9750000000000004,0.8010734985006057,0.7285183517202076
0.0125,0.8227241335952167,0.9999997987409779
0.0375,0.8227241335952167,0.9999995961589674
0.0625,0.8227241335952167,0.9999992040051265
0.0875,0.8227241335952167,0.9999984588147671
0.1125,0.8227241335952167,0.9999970688087949
0.1375,0.8227241335952167,0.9999945238138807
0.1625,0.8227241335952167,0.9999899502098651
0.1875,0.8227241335952167,0.999981883240185
0.2125,0.8227241335952167,0.9999679189331652
0.2375000000000001,0.8227241335952167,0.99994419645117
0.2625000000000001,0.8227241335952167,0.9999046502459897
0.2875000000000001,0.8227241335952167,0.9998399623828098
0.3125000000000001,0.8227241335952167,0.9997361425764264
0.3375000000000001,0.8227241335952167,0.999572672049593
0.3625000000000001,0.8227241335952167,0.9993201736033938
0.3875000000000001,0.8227241335952167,0.9989376209724468
0.4125000000000001,0.8227241335952167,0.9983691812529946
0.4375000000000001,0.8227241335952167,0.9975408974330559
0.4625000000000002,0.8227241335952167,0.9963575606217343
0.4875000000000001,0.8227241335952167,0.9947002819763562
0.5125000000000002,0.8227241335952167,0.9924254308400812
0.5375000000000001,0.8227241335952167,0.9893657259327339
0.5625000000000001,0.8227241335952167,0.9853343099004197
0.5875000000000001,0.8227241335952167,0.9801325604636038
0.6125000000000002,0.8227241335952167,0.9735621558768698
0.6375000000000002,0.8227241335952167,0.9654414973790655
0.6625000000000002,0.8227241335952167,0.9556260042720501
0.6875000000000002,0.8227241335952167,0.9440310835521301
0.7125000000000001,0.8227241335952167,0.9306558223313405
0.7375000000000002,0.8227241335952167,0.9156047805074844
0.7625000000000002,0.8227241335952167,0.8991048168383412
0.7875000000000002,0.8227241335952167,0.881513802950066
0.8125000000000002,0.8227241335952167,0.8633184707049522
0.8375000000000002,0.8227241335952167,0.8451195365165085
0.8625000000000003,0.8227241335952167,0.8276036005415857
0.8875000000000003,0.8227241335952167,0.8115029819338474
0.9125000000000004,0.8227241335952167,0.7975463930304739
0.9375000000000002,0.8227241335952167,0.7864048955706296
0.9625000000000002,0.8227241335952167,0.7786386413499433
0.9875000000000004,0.8227241335952167,0.7746502553394322
0.025,0.8443747686898276,0.99999976754214
0.05,0.8443747686898276,0.9999995377023438
0.075,0.8443747686898276,0.9999990968832664
0.1,0.8443747686898276,0.9999982669510545
0.125,0.8443747686898276,0.9999967332002859
0.15,0.8443747686898276,0.9999939510648183
0.175,0.8443747686898276,0.9999889977858463
0.2,0.8443747686898276,0.9999803426034528
0.2250000000000001,0.8443747686898276,0.9999655001946461
0.2500000000000001,0.8443747686898276,0.9999405225922213
0.2750000000000001,0.8443747686898276,0.9998992761862862
0.3000000000000001,0.8443747686898276,0.9998324451391736
0.3250000000000001,0.8443747686898276,0.9997262042874886
0.3500000000000001,0.8443747686898276,0.9995605180973046
0.3750000000000001,0.8443747686898276,0.999307052885722
0.4000000000000001,0.8443747686898276,0.9989267425140551
0.4250000000000001,0.8443747686898276,0.9983671266403188
0.4500000000000002,0.8443747686898276,0.9975596853777172
0.4750000000000001,0.8443747686898276,0.9964175191116569
0.5000000000000002,0.8443747686898276,0.9948338539040873
0.5250000000000001,0.8443747686898276,0.9926819693106704
0.5500000000000002,0.8443747686898276,0.9898172164889609
0.5750000000000002,0.8443747686898276,0.9860817851503528
0.6000000000000002,0.8443747686898276,0.9813127539779471
0.6250000000000002,0.8443747686898276,0.9753536953973367
0.6500000000000002,0.8443747686898276,0.9680696954101993
0.6750000000000003,0.8443747686898276,0.9593651133574347
0.7000000000000002,0.8443747686898276,0.9492027987143101
0.7250000000000002,0.8443747686898276,0.9376228886297193
0.7500000000000002,0.8443747686898276,0.924758841393666
0.7750000000000002,0.8443747686898276,0.9108481353230004
0.8000000000000003,0.8443747686898276,0.8962351818399632
0.8250000000000003,0.8443747686898276,0.881364526249141
0.8500000000000003,0.8443747686898276,0.866763336124531
0.8750000000000003,0.8443747686898276,0.8530134243844513
0.9000000000000004,0.8443747686898276,0.8407144659804343
0.9250000000000004,0.8443747686898276,0.8304414316504003
0.9500000000000004,0.8443747686898276,0.8227003462337209
0.9750000000000004,0.8443747686898276,0.817887072659589
0.0125,0.8660254037844386,0.9999998685614473
0.0375,0.8660254037844386,0.9999997362588753
0.0625,0.8660254037844386,0.9999994801504398
0.0875,0.8660254037844386,0.9999989934803699
0.1125,0.8660254037844386,0.9999980856931249
0.1375,0.8660254037844386,0.9999964236039192
0.1625,0.8660254037844386,0.9999934366675515
0.1875,0.8660254037844386,0.9999881682785451
0.2125,0.8660254037844386,0.9999790484473691
0.2375000000000001,0.8660254037844386,0.999963555732223
0.2625000000000001,0.8660254037844386,0.9999377288355223
0.2875000000000001,0.8660254037844386,0.9998954823860207
0.3125000000000001,0.8660254037844386,0.9998276795866694
0.3375000000000001,0.8660254037844386,0.999720920002763
0.3625000000000001,0.8660254037844386,0.9995560179279034
0.3875000000000001,0.8660254037844386,0.9993061798653896
0.4125000000000001,0.8660254037844386,0.9989349423762831
0.4375000000000001,0.8660254037844386,0.9983940055010805
0.4625000000000002,0.8660254037844386,0.9976211900704036
0.4875000000000001,0.8660254037844386,0.9965388519754288
0.5125000000000002,0.8660254037844386,0.9950531886851584
0.5375000000000001,0.8660254037844386,0.9930549518830134
0.5625000000000001,0.8660254037844386,0.9904221084799835
0.5875000000000001,0.8660254037844386,0.9870249419312674
0.6125000000000002,0.8660254037844386,0.9827339319653499
0.6375000000000002,0.8660254037844386,0.977430479783083
0.6625000000000002,0.8660254037844386,0.9710201623990307
0.6875000000000002,0.8660254037844386,0.9634477336838102
0.7125000000000001,0.8660254037844386,0.9547125974471409
0.7375000000000002,0.8660254037844386,0.9448830398284203
0.7625000000000002,0.8660254037844386,0.9341072180952316
0.7875000000000002,0.8660254037844386,0.9226188516013953
0.8125000000000002,0.8660254037844386,0.910735815942586
0.8375000000000002,0.8660254037844386,0.8988504279210688
0.8625000000000003,0.8660254037844386,0.8874110934267332
0.8875000000000003,0.8660254037844386,0.8768960765824533
0.9125000000000004,0.8660254037844386,0.8677812859658287
0.9375000000000002,0.8660254037844386,0.8605049796129499
0.9625000000000002,0.8660254037844386,0.855432982322844
0.9875000000000004,0.8660254037844386,0.8528282410328505
0.025,0.8876760388790497,0.9999998521985286
0.05,0.8876760388790497,0.9999997060616758
0.075,0.8876760388790497,0.9999994257798721
0.1,0.8876760388790497,0.999998898091963
0.125,0.8876760388790497,0.9999979229017913
0.15,0.8876760388790497,0.9999961539630433
0.175,0.8876760388790497,0.9999930045667594
0.2,0.8876760388790497,0.9999875014244126
0.2250000000000001,0.8876760388790497,0.99997806431671
0.2500000000000001,0.8876760388790497,0.9999621830451922
0.2750000000000001,0.8876760388790497,0.9999359577349863
0.3000000000000001,0.8876760388790497,0.999893465185583
0.3250000000000001,0.8876760388790497,0.9998259150747599
0.3500000000000001,0.8876760388790497,0.9997205683994344
0.3750000000000001,0.8876760388790497,0.9995594100233423
0.4000000000000001,0.8876760388790497,0.9993176008948781
0.4250000000000001,0.8876760388790497,0.9989617856534744
0.4500000000000002,0.8876760388790497,0.9984483979508462
0.4750000000000001,0.8876760388790497,0.9977221852310961
0.5000000000000002,0.8876760388790497,0.996715258436165
0.5250000000000001,0.8876760388790497,0.9953470461105081
0.5500000000000002,0.8876760388790497,0.9935255775556354
0.5750000000000002,0.8876760388790497,0.9911505137558554
0.6000000000000002,0.8876760388790497,0.9881182659989405
0.6250000000000002,0.8876760388790497,0.9843293744272243
0.6500000000000002,0.8876760388790497,0.9796980579556183
0.6750000000000003,0.8876760388790497,0.9741635062929873
0.7000000000000002,0.8876760388790497,0.9677020983743361
0.7250000000000002,0.8876760388790497,0.96033935422151
0.7500000000000002,0.8876760388790497,0.9521601293504147
0.7750000000000002,0.8876760388790497,0.9433154173418329
0.8000000000000003,0.8876760388790497,0.9340242020364634
0.8250000000000003,0.8876760388790497,0.9245691344495645
0.8500000000000003,0.8876760388790497,0.9152853985285637
0.8750000000000003,0.8876760388790497,0.9065429228507202
0.9000000000000004,0.8876760388790497,0.8987229930400799
0.9250000000000004,0.8876760388790497,0.8921911872753795
0.9500000000000004,0.8876760388790497,0.8872692465200686
0.9750000000000004,0.8876760388790497,0.8842088685374235
0.0125,0.9093266739736606,0.9999999186374778
0.0375,0.9093266739736606,0.9999998367401143
0.0625,0.9093266739736606,0.9999996782049826
0.0875,0.9093266739736606,0.9999993769485893
0.1125,0.9093266739736606,0.9999988150140707
0.1375,0.9093266739736606,0.9999977861548281
0.1625,0.9093266739736606,0.9999959371944481
0.1875,0.9093266739736606,0.9999926759791627
0.2125,0.9093266739736606,0.9999870306608698
0.2375000000000001,0.9093266739736606,0.9999774404276153
0.2625000000000001,0.9093266739736606,0.9999614531741696
0.2875000000000001,0.9093266739736606,0.999935301960449
0.3125000000000001,0.9093266739736606,0.9998933309660196
0.3375000000000001,0.9093266739736606,0.99982724511198
0.3625000000000001,0.9093266739736606,0.9997251681456667
0.3875000000000001,0.9093266739736606,0.9995705144730995
0.4125000000000001,0.9093266739736606,0.9993407126546446
0.4375000000000001,0.9093266739736606,0.9990058642591066
0.4625000000000002,0.9093266739736606,0.9985274794070622
0.4875000000000001,0.9093266739736606,0.997857495179427
0.5125000000000002,0.9093266739736606,0.9969378463407885
0.5375000000000001,0.9093266739736606,0.9957009064726151
0.5625000000000001,0.9093266739736606,0.9940711351820606
0.5875000000000001,0.9093266739736606,0.99196823589684
0.6125000000000002,0.9093266739736606,0.9893120335409052
0.6375000000000002,0.9093266739736606,0.9860291136006081
0.6625000000000002,0.9093266739736606,0.9820610267695237
0.6875000000000002,0.9093266739736606,0.9773735748285408
0.7125000000000001,0.9093266739736606,0.971966388726541
0.7375000000000002,0.9093266739736606,0.9658817386530099
0.7625000000000002,0.9093266739736606,0.959211336276373
0.7875000000000002,0.9093266739736606,0.9520998575361355
0.8125000000000002,0.9093266739736606,0.9447440724031971
0.8375000000000002,0.9093266739736606,0.9373868311209104
0.8625000000000003,0.9093266739736606,0.9303057039560884
0.8875000000000003,0.9093266739736606,0.9237967438892716
0.9125000000000004,0.9093266739736606,0.9181545457815928
0.9375000000000002,0.9093266739736606,0.9136503982194729
0.9625000000000002,0.9093266739736606,0.9105107524814576
0.9875000000000004,0.9093266739736606,0.9088983768388851
0.025,0.9309773090682716,0.9999999109267079
0.05,0.9309773090682716,0.9999998228566064
0.075,0.9309773090682716,0.9999996539433829
0.1,0.9309773090682716,0.999999335929639
0.125,0.9309773090682716,0.9999987482264299
0.15,0.9309773090682716,0.9999976821666919
0.175,0.9309773090682716,0.9999957841673515
0.2,0.9309773090682716,0.999992467671235
0.2250000000000001,0.9309773090682716,0.9999867803513233
0.2500000000000001,0.9309773090682716,0.999977209424025
0.2750000000000001,0.9309773090682716,0.9999614046103442
0.3000000000000001,0.9309773090682716,0.9999357962640226
0.3250000000000001,0.9309773090682716,0.9998950868536364
0.3500000000000001,0.9309773090682716,0.999831599155594
0.3750000000000001,0.9309773090682716,0.9997344762583912
0.4000000000000001,0.9309773090682716,0.9995887487839895
0.4250000000000001,0.9309773090682716,0.9993743149583822
0.4500000000000002,0.9309773090682716,0.9990649193050087
0.4750000000000001,0.9309773090682716,0.998627263596146
0.5000000000000002,0.9309773090682716,0.9980204341531692
0.5250000000000001,0.9309773090682716,0.9971958741875075
0.5500000000000002,0.9309773090682716,0.9960981571001114
0.5750000000000002,0.9309773090682716,0.9946668130839327
0.6000000000000002,0.9309773090682716,0.9928394138861372
0.6250000000000002,0.9309773090682716,0.9905560195286348
0.6500000000000002,0.9309773090682716,0.9877649336136892
0.6750000000000003,0.9309773090682716,0.9844295085167836
0.7000000000000002,0.9309773090682716,0.9805355088855704
0.7250000000000002,0.9309773090682716,0.9760983144881912
0.7500000000000002,0.9309773090682716,0.971169063923509
0.7750000000000002,0.9309773090682716,0.965838754224258
0.8000000000000003,0.9309773090682716,0.9602393570915999
0.8250000000000003,0.9309773090682716,0.9545412135662233
0.8500000000000003,0.9309773090682716,0.948946323921769
0.8750000000000003,0.9309773090682716,0.9436776274559193
0.9000000000000004,0.9309773090682716,0.9389649078471095
0.9250000000000004,0.9309773090682716,0.9350284826037072
0.9500000000000004,0.9309773090682716,0.9320622505181722
0.9750000000000004,0.9309773090682716,0.930217898499877
0.0125,0.9526279441628824,0.9999999522624352
0.0375,0.9526279441628824,0.9999999042110645
0.0625,0.9526279441628824,0.9999998111942685
0.0875,0.9526279441628824,0.9999996344390963
0.1125,0.9526279441628824,0.9999993047371056
0.1375,0.9526279441628824,0.9999987010779083
0.1625,0.9526279441628824,0.9999976162434697
0.1875,0.9526279441628824,0.9999957028013583
0.2125,0.9526279441628824,0.9999923905423357
0.2375000000000001,0.9526279441628824,0.9999867636963407
0.2625000000000001,0.9526279441628824,0.9999773835477423
0.2875000000000001,0.9526279441628824,0.9999620399321825
0.3125000000000001,0.9526279441628824,0.9999374144287521
0.3375000000000001,0.9526279441628824,0.9998986400931071
0.3625000000000001,0.9526279441628824,0.9998387488106085
0.3875000000000001,0.9526279441628824,0.9997480093702853
0.4125000000000001,0.9526279441628824,0.999613178505646
0.4375000000000001,0.9526279441628824,0.9994167140085545
0.4625000000000002,0.9526279441628824,0.9991360328387311
0.4875000000000001,0.9526279441628824,0.9987429351978416
0.5125000000000002,0.9526279441628824,0.9982033526614117
0.5375000000000001,0.9526279441628824,0.9974776070034619
0.5625000000000001,0.9526279441628824,0.9965213766579095
0.5875000000000001,0.9526279441628824,0.9952875494811624
0.6125000000000002,0.9526279441628824,0.9937290846147157
0.6375000000000002,0.9526279441628824,0.9918029078025916
0.6625000000000002,0.9526279441628824,0.9894747252755949
0.6875000000000002,0.9526279441628824,0.9867244720251763
0.7125000000000001,0.9526279441628824,0.9835519315191876
0.7375000000000002,0.9526279441628824,0.97998190480679
0.7625000000000002,0.9526279441628824,0.9760682015733657
0.7875000000000002,0.9526279441628824,0.9718957070567563
0.8125000000000002,0.9526279441628824,0.9675798714543965
0.8375000000000002,0.9526279441628824,0.9632631814903216
0.8625000000000003,0.9526279441628824,0.9591084950536655
0.8875000000000003,0.9526279441628824,0.9552895143353577
0.9125000000000004,0.9526279441628824,0.9519790860087272
0.9375000000000002,0.9526279441628824,0.9493363823332441
0.9625000000000002,0.9526279441628824,0.947494268322294
0.9875000000000004,0.9526279441628824,0.9465482444680311
0.025,0.9742785792574936,0.999999949119605
0.05,0.9742785792574936,0.9999998988122519
0.075,0.9742785792574936,0.9999998023257368
0.1,0.9742785792574936,0.9999996206701076
0.125,0.9742785792574936,0.9999992849626163
0.15,0.9742785792574936,0.9999986760085816
0.175,0.9742785792574936,0.9999975918344823
0.2,0.9742785792574936,0.999995697387465
0.2250000000000001,0.9742785792574936,0.9999924486798333
0.2500000000000001,0.9742785792574936,0.9999869815802084
0.2750000000000001,0.9742785792574936,0.9999779535635646
0.3000000000000001,0.9742785792574936,0.9999633255786049
0.3250000000000001,0.9742785792574936,0.9999400715724551
0.3500000000000001,0.9742785792574936,0.9999038061658404
0.3750000000000001,0.9742785792574936,0.9998483276799717
0.4000000000000001,0.9742785792574936,0.9997650853152761
0.4250000000000001,0.9742785792574936,0.9996425965478862
0.4500000000000002,0.9742785792574936,0.9994658637394771
0.4750000000000001,0.9742785792574936,0.999215866295427
0.5000000000000002,0.9742785792574936,0.9988692335275997
0.5250000000000001,0.9742785792574936,0.9983982288549607
0.5500000000000002,0.9742785792574936,0.9977711915272579
0.5750000000000002,0.9742785792574936,0.9969535800158464
0.6000000000000002,0.9742785792574936,0.9959097340897982
0.6250000000000002,0.9742785792574936,0.9946054148690633
0.6500000000000002,0.9742785792574936,0.9930110923668529
0.6750000000000003,0.9742785792574936,0.9911058327480219
0.7000000000000002,0.9742785792574936,0.9888815045027329
0.7250000000000002,0.9742785792574936,0.9863468928533594
0.7500000000000002,0.9742785792574936,0.9835312091611363
0.7750000000000002,0.9742785792574936,0.9804864326991293
0.8000000000000003,0.9742785792574936,0.9772879482671003
0.8250000000000003,0.9742785792574936,0.9740330579770216
0.8500000000000003,0.9742785792574936,0.9708371483098299
0.8750000000000003,0.9742785792574936,0.967827566523816
0.9000000000000004,0.9742785792574936,0.965135569520535
0.9250000000000004,0.9742785792574936,0.9628870069412826
0.9500000000000004,0.9742785792574936,0.9611926375435427
0.9750000000000004,0.9742785792574936,0.9601391078370513
0.0125,0.9959292143521044,0.9999999734520896
0.0375,0.9959292143521044,0.9999999467296647
0.0625,0.9959292143521044,0.9999998950009773
0.0875,0.9959292143521044,0.999999796703536
0.1125,0.9959292143521044,0.9999996133490027
0.1375,0.9959292143521044,0.9999992776408373
0.1625,0.9959292143521044,0.9999986743405301
0.1875,0.9959292143521044,0.9999976102332596
0.2125,0.9959292143521044,0.9999957682131188
0.2375000000000001,0.9959292143521044,0.9999926390002214
0.2625000000000001,0.9959292143521044,0.9999874224931412
0.2875000000000001,0.9959292143521044,0.9999788895708356
0.3125000000000001,0.9959292143521044,0.999965194786403
0.3375000000000001,0.9959292143521044,0.9999436315249787
0.3625000000000001,0.9959292143521044,0.9999103246646529
0.3875000000000001,0.9959292143521044,0.9998598624648335
0.4125000000000001,0.9959292143521044,0.9997848800535576
0.4375000000000001,0.9959292143521044,0.9996756218227999
0.4625000000000002,0.9959292143521044,0.9995195288468379
0.4875000000000001,0.9959292143521044,0.9993009185971774
0.5125000000000002,0.9959292143521044,0.999000844873167
0.5375000000000001,0.9959292143521044,0.9985972417400741
0.5625000000000001,0.9959292143521044,0.9980654609995406
0.5875000000000001,0.9959292143521044,0.9973793025516389
0.6125000000000002,0.9959292143521044,0.9965126059396466
0.6375000000000002,0.9959292143521044,0.9954414166218072
0.6625000000000002,0.9959292143521044,0.9941466630783101
0.6875000000000002,0.9959292143521044,0.992617186716297
0.7125000000000001,0.9959292143521044,0.9908528671174743
0.7375000000000002,0.9959292143521044,0.9888674966911193
0.7625000000000002,0.9959292143521044,0.9866910001875533
0.7875000000000002,0.9959292143521044,0.9843705841557524
0.8125000000000002,0.9959292143521044,0.9819704529914169
0.8375000000000002,0.9959292143521044,0.9795698466977285
0.8625000000000003,0.9959292143521044,0.9772593341311221
0.8875000000000003,0.9959292143521044,0.9751355149029303
0.9125000000000004,0.9959292143521044,0.9732945128523192
0.9375000000000002,0.9959292143521044,0.9718248471759523
0.9625000000000002,0.9959292143521044,0.9708004070319574
0.9875000000000004,0.9959292143521044,0.9702743023458613
